notebook,cell_index_0,cell_position_1,execution_count,lines,executable_statements,sha256,stored_errors
00_configuracion_y_fuentes.ipynb,2,3,17.0,34,21,d3405aa4037f0be19541aec668f04a23dd57d9684b2d4f54e42378d31b28ba37,[]
00_configuracion_y_fuentes.ipynb,4,5,18.0,4,4,fe8cd77a26c60dcf27e149453f4618e3ddd6a9ed538b426bb6e7b30b7f32d9fe,[]
00_configuracion_y_fuentes.ipynb,6,7,19.0,8,6,9a59e4167bd6e6c0ce962d2e8e487061438e695eb505b0d4ec9298d21ef0ef16,[]
00_configuracion_y_fuentes.ipynb,8,9,20.0,12,8,6049b881198e4a9a06611f90149b495822bf411a82dd93b4d1a3662ab11c03cf,[]
00_configuracion_y_fuentes.ipynb,10,11,21.0,16,10,2daa51d4fe975291145361e4b52825b7d293157a15639a1f968cd562711ddce4,[]
00_configuracion_y_fuentes.ipynb,12,13,22.0,20,8,d0475d898b8a6c95a95fd11b79de7a2f7bf04e6b7eb3aa775ad56317e4ac0b40,[]
00_configuracion_y_fuentes.ipynb,13,14,23.0,1,1,b44e6f1c857197bb57f93bf0b808a97b20306d4567cf5e9e3bd760f0d4852a97,[]
00_configuracion_y_fuentes.ipynb,15,16,24.0,19,12,2b0acd451e7ee6f20b87a72a66acb2b6569e7aa0589f7ddf1ee2d623b062301a,[]
00_configuracion_y_fuentes.ipynb,16,17,25.0,2,2,c7649fae26982a51e805f11ca8bb44a8b33b158df5bdedc00312705997acb03f,[]
00_configuracion_y_fuentes.ipynb,18,19,26.0,11,4,79fb68b3274b2162686461f800565bf0cdb877a391252da4a516aa50e87c503c,[]
00_configuracion_y_fuentes.ipynb,20,21,27.0,20,10,acbcc6c0ba52886d3946978ecc04298aa983c805de3902d5a025df270775c146,[]
00_configuracion_y_fuentes.ipynb,21,22,28.0,15,5,9e3f06ada510624a527b41d5f2e773cf1f653023873e6b98311073f019b04574,[]
00_configuracion_y_fuentes.ipynb,22,23,29.0,7,3,beea37a9c39886fd4ed3a94b9dd8274895014417b45e60b5a992e8a06349d67d,[]
00_configuracion_y_fuentes.ipynb,24,25,30.0,11,6,774382de965132c9354016472e66e7e2505f3f13cabf75a72de1df252bc54b27,[]
00_configuracion_y_fuentes.ipynb,26,27,31.0,7,7,f5e2e685e9d32cddff20ea8b948e913437ebd397afe99fcd9c1a17fb23120260,[]
00_configuracion_y_fuentes.ipynb,28,29,32.0,17,8,ba604ba629c5f940b9522db3a7be64e2649c8aa15149ee456f5e2e4ada95c1b3,[]
01_indicios_limpieza_etiquetas.ipynb,1,2,1.0,28,22,7c9a11a10276ba23b1a8e568fe2f79e15d6d9ee792555625f2dc1909e973b36d,[]
01_indicios_limpieza_etiquetas.ipynb,2,3,2.0,5,5,b85bf71f192b4b3ae621fba55bd67627db9029d4a56528bcb24467b9732b37d3,[]
01_indicios_limpieza_etiquetas.ipynb,3,4,3.0,1,1,89f6f7e4228a1ff2588a4c45aa85a2866f5f9e993c027dd6e73d8aade6bd7c4f,[]
01_indicios_limpieza_etiquetas.ipynb,4,5,,0,0,e3b0c44298fc1c149afbf4c8996fb92427ae41e4649b934ca495991b7852b855,[]
01_indicios_limpieza_etiquetas.ipynb,6,7,4.0,2,2,9dbb1a635c140a1089f2e7fbb132a61dc67dc9086e9b44bbb075530fe2253823,[]
01_indicios_limpieza_etiquetas.ipynb,7,8,5.0,12,7,d4d179488ca6e53c38a96017bdbff6ba581d956860538af92d16bbeb327cbe33,[]
01_indicios_limpieza_etiquetas.ipynb,9,10,6.0,1,1,d6cf5e183aff7fba0fe65a39885bd80984b0a1cad1049dddcbb6c0516b99ba67,[]
01_indicios_limpieza_etiquetas.ipynb,10,11,7.0,8,7,c602f419f9389dc9ff7b11c23a0a2527b7e00cd5e02bde8e4490c63be525a8db,[]
01_indicios_limpieza_etiquetas.ipynb,11,12,8.0,6,5,3bf5536f46beff2c1e0841f736acab29d104b1603441d5959e98a76f0821fa82,[]
01_indicios_limpieza_etiquetas.ipynb,12,13,9.0,5,3,f7b8b8b237af3ee320378fad8c9e4218c994cedde498e5c8fb6eb00c277d5ed9,[]
01_indicios_limpieza_etiquetas.ipynb,14,15,10.0,20,6,7b137e4663e1761f39b1f4c726ad89ab36115ae2eec026a0e477380f38441541,[]
01_indicios_limpieza_etiquetas.ipynb,16,17,11.0,8,8,b7e077c5f283c28012c08f8a7937ffac75b49629cf22e1e4d07a64c4a0cc079c,[]
01_indicios_limpieza_etiquetas.ipynb,17,18,12.0,5,2,a4dc532c60c0373051c3fd304fad7f0258cf4ef884ecf0cecf3f8ed538cfed69,[]
01_indicios_limpieza_etiquetas.ipynb,19,20,13.0,1,1,22ce1839f2d4072585e30c19da78304fc38e2d55e74172730a24c6178a25efe4,[]
01_indicios_limpieza_etiquetas.ipynb,20,21,14.0,9,8,f6ae6576f234c4b94aecca67e34d61957504696705a762a023e9cfb1bc801325,[]
01_indicios_limpieza_etiquetas.ipynb,22,23,15.0,1,1,8a9f1a055dc3655fe614abf626ae098134bef5ebe78a398a8ee08e18ffdd86ef,[]
01_indicios_limpieza_etiquetas.ipynb,23,24,,0,0,e3b0c44298fc1c149afbf4c8996fb92427ae41e4649b934ca495991b7852b855,[]
01_indicios_limpieza_etiquetas.ipynb,24,25,16.0,51,24,ffe3eb1289709fef086f78552020be5002b38487f7973d99ffc7956cabf246a6,[]
01_indicios_limpieza_etiquetas.ipynb,26,27,17.0,5,5,f0c952018e11c23eb772ecb171d3d0580e53224a66dba5eb8dd923b5dd1e49d1,[]
01_indicios_limpieza_etiquetas.ipynb,28,29,18.0,11,7,26ca239a0895fc784e1ce6bb7d14b7188b552c3285dfcb228d7805146a42f5ec,[]
01_indicios_limpieza_etiquetas.ipynb,29,30,19.0,1,1,d1699a9027b3198155af132278eebaec61d7b191332ec048a2d6435b32bbafa4,[]
01_indicios_limpieza_etiquetas.ipynb,31,32,20.0,13,12,36c7a539089ead5505f950dc09e355889f05ecf8f0d1dd25ad34489afc43728d,[]
01_indicios_limpieza_etiquetas.ipynb,33,34,21.0,14,13,b4ce4ee98fefb12c24b55ec7504fa5871d32968d84a9391462556184510a3fee,[]
02_rejilla_armonizacion_cobertura.ipynb,2,3,35.0,18,16,196e852919e7ed6edd9aa4d81ae3ba46e3bd13142635e2f226cf3d501246bbc2,[]
02_rejilla_armonizacion_cobertura.ipynb,4,5,36.0,7,6,d7a69feec7d08a6eb6a3612ea048e41869ba9149e79426495e9e1df4a19a5830,[]
02_rejilla_armonizacion_cobertura.ipynb,6,7,37.0,4,3,289f93c1aaf935e821671da85c37507fbd79831fec68eb33c9f27e7e6a67513e,[]
02_rejilla_armonizacion_cobertura.ipynb,7,8,38.0,1,1,ee14837fbd1286f514dbb8441a5dccb9975bf111b36cbb768aebe8d1544068f7,[]
02_rejilla_armonizacion_cobertura.ipynb,9,10,39.0,6,6,10228fbb70c8559161333e15e11988e4b5745a9899316f85fece8b773e6c733e,[]
02_rejilla_armonizacion_cobertura.ipynb,11,12,40.0,1,1,8edf5f18b1a7cee10b50bb10c92e26451641acf7c1890a33f464b3c97e132fb2,[]
02_rejilla_armonizacion_cobertura.ipynb,13,14,41.0,2,2,c2a2b282d5120fbea57cbb045f0177db4adb0e3846635bf45c74b2559e2f2cb0,[]
02_rejilla_armonizacion_cobertura.ipynb,15,16,42.0,2,2,67d213b9f48a044f1fe70c3d7fccf3c620ed3437015156f823edbb3905bf5b5d,[]
02_rejilla_armonizacion_cobertura.ipynb,16,17,43.0,1,1,f19f4e76838800b08cb5bc7e86ed4a184bce1d5b5c5b8e1fee26ae9812e0c290,[]
02_rejilla_armonizacion_cobertura.ipynb,18,19,44.0,3,2,a2c526cc0680afaa2a0a06017a82be5ee6d3ee0b14f9701160b1c280474440f4,[]
02_rejilla_armonizacion_cobertura.ipynb,20,21,45.0,5,4,8fb10eaf6ebdbac7d19226944be0d2f331bddb987acb0c836c902ea2698d9ea9,[]
02_rejilla_armonizacion_cobertura.ipynb,22,23,46.0,5,4,176ed01341e98dffd2a18c5f777b1d7fb7acb8038a3a3cb5c6ee1fcf7bd2b4cc,[]
02_rejilla_armonizacion_cobertura.ipynb,24,25,47.0,4,4,e7116dd62732000cee262f6f0bcf2cc1b3b2d15f664620d846ea18ddc4d2126d,[]
02_rejilla_armonizacion_cobertura.ipynb,26,27,48.0,5,5,d89539a32e0091f9759822905eb046c6cd45bbe3c12e2b901e951c0bb00119f7,[]
02_rejilla_armonizacion_cobertura.ipynb,28,29,49.0,22,17,1285075633772a94cd14c0d61128c011e012fa3a44b9422c6121d9d10cc72a21,[]
02_rejilla_armonizacion_cobertura.ipynb,30,31,50.0,9,9,a569f59582dcfeb7747767f5259aed30945b92c071dfec259508b95008d5a914,[]
03_variables_geologia_estructuras.ipynb,1,2,1.0,13,11,c6c8cee5f126b4b271448dbef00ba074b7a4088c32d6dc8531ff761ee0017aca,[]
03_variables_geologia_estructuras.ipynb,3,4,2.0,3,3,f84aae672960761eef8a480e09452a9d65b27a0f7f4d5f9dd6c32465a15955c0,[]
03_variables_geologia_estructuras.ipynb,4,5,3.0,11,0,31a87b68ff5d078307c557c9f46fef7286cc5229f162b2d3fbab61871423fbea,[]
03_variables_geologia_estructuras.ipynb,5,6,4.0,8,0,203911bb9507e6717f484a088f35c0e03aec4a4b2ca7ae02778d47d3ff74fe3c,[]
03_variables_geologia_estructuras.ipynb,7,8,5.0,2,2,ff14e1b35027aedb81a01ab4bab07bb6263efe5ceef41686d162f7e30c68805e,[]
03_variables_geologia_estructuras.ipynb,8,9,6.0,2,2,5a3329e6bcc132493e89536515c3d115043061e5e62dbdf7dbcaebe56f3407e9,[]
04_variables_geoquimicas.ipynb,1,2,1.0,15,13,135155fbff61525d9b673696f29107f475a39b55d674fb534db57d6c2aa8d4a2,[]
04_variables_geoquimicas.ipynb,2,3,2.0,2,2,c54a5c6037a855e555a49c44139f666db2e1d2cfcb352c9cb721ee8c36806339,[]
04_variables_geoquimicas.ipynb,3,4,3.0,2,2,a22f79c4255c188fb30dd7b02e5a582b5274f8a47626324e9381cf9c8ca11042,[]
04_variables_geoquimicas.ipynb,4,5,4.0,6,3,360f5d6eda8c8d5907f827a4f11badb0b9f1f8ef889c5e36e18468ac9f92bd1c,[]
04_variables_geoquimicas.ipynb,5,6,5.0,3,3,c86b977eb25a310fa54c5db630ae7e7defb8023ca6e974d649d4ddfa0fd0bb6d,[]
05_variables_relieve_hidrologia.ipynb,1,2,1.0,13,11,6872f4b965ad3632ac8b80493bd1691e9ed63cf7b39a1264e1c5176d1f142b72,[]
05_variables_relieve_hidrologia.ipynb,2,3,2.0,2,2,29f03c927b1d9f0950b71872ca563685b7ca2e7f4821ccc49810fd4afe71c72c,[]
05_variables_relieve_hidrologia.ipynb,3,4,3.0,2,2,ba876726ec257a1b58563fd57d59f734a822970b8eaab68a0b5349e8f5087932,[]
05_variables_relieve_hidrologia.ipynb,4,5,4.0,2,2,72d7ea469bc21e02c9ce57af23c514107fd6b5d1c0d484df41cc6eaea0e76de2,[]
06_matriz_variables_control.ipynb,1,2,2.0,13,11,6872f4b965ad3632ac8b80493bd1691e9ed63cf7b39a1264e1c5176d1f142b72,[]
06_matriz_variables_control.ipynb,2,3,2.0,2,2,4f2894dc77424b0b01caa5f9d605e2835cf4b579fca0997d8bde70446fbc68d3,[]
06_matriz_variables_control.ipynb,3,4,3.0,3,3,ae1ffc7a518bf089c22bcff951dd47f0c52ea8cec340079675c7c1c1af9eb1b2,[]
06_matriz_variables_control.ipynb,4,5,4.0,3,3,3156732fa056bc34de58f889de1d7f03310ad7ec29c9eb821a5efa9e7670385e,[]
06_matriz_variables_control.ipynb,6,7,5.0,7,7,7e0bfe9883424ef117da7e91b6bdadf27fc3f6348ba88d60aea56dd15f4386ab,[]
06_matriz_variables_control.ipynb,7,8,6.0,2,2,f7781d5b6425db51dab433001e6ef43aa05638acf9a6727466f76d7b0f37d5e1,[]
07_particiones_espaciales.ipynb,1,2,1.0,13,11,9ba558ceb29691904ab93934c8fdce18c0602517738a4c8b28fbcda2f4f7f141,[]
07_particiones_espaciales.ipynb,3,4,2.0,4,4,49a94033cb7db1a6baee6a73b2b77dbf13f901115c96996dd40ffcb704d70127,[]
07_particiones_espaciales.ipynb,5,6,3.0,13,13,2d505208c799141177ee8c224227aa50014579e0c13ee9db58f3909bd8a4661a,[]
08_muestreo_presencia_fondo.ipynb,1,2,1.0,14,12,11596780cb3847748686699fc424ce986f59a7dae47e1647180fd37150c3a2b0,[]
08_muestreo_presencia_fondo.ipynb,3,4,2.0,6,4,14bcd749a0279f4384a72212442370d7132c5702dbf2360dad08ce4f1a89379c,[]
09_protocolo_PU_y_control.ipynb,1,2,1.0,15,13,6dfdbfa8e4be3d64d9403a53fc605468c3e2ec2cf380c1df63a3bb54078a9375,[]
09_protocolo_PU_y_control.ipynb,3,4,2.0,9,3,d9673121a20f1bb82b6a47dc1c8043fd1ea6cb229a8366f910fa18932e8f88ec,[]
10_pipelines_y_contrato_entrenamiento.ipynb,1,2,1.0,13,12,74e9cb1faf3977d273070a312b489a1e8f5df70d25531d4e26ae7aa55dc0d26c,[]
10_pipelines_y_contrato_entrenamiento.ipynb,3,4,2.0,4,3,3b3b2627f66e015d1de25f884a4d6de41fb2f411c85c6e66aa915c8919adffc9,[]
11_referencias_y_regresion_logistica.ipynb,1,2,1.0,13,12,089d64e2a00bd3db8026053c12a804319d0acec234f756708894c5416b909e3a,[]
11_referencias_y_regresion_logistica.ipynb,3,4,2.0,2,2,4cf3092cbe8e5f3f8f116220a9e7fad6359c448de04cf00d1e67cb86e3ae1f8d,[]
12_random_forest_espacial.ipynb,1,2,1.0,13,12,1955c4e2362cb8238270d74a5cec35d1a0b12b6ad1f5c2f12cc40cb0148177dc,[]
12_random_forest_espacial.ipynb,3,4,2.0,1,1,870e8da9d6c393b9c0a5b3a6bf419625e39f3a91b71fbd237f2cdad18d7b7bce,[]
13_comparacion_modelos.ipynb,1,2,1.0,13,12,637865f8866b167b20725f08df91f2edbe5fda2b77cbf98759fc7ef3ed08a9b9,[]
13_comparacion_modelos.ipynb,2,3,2.0,2,2,556ee8aebc0ec1f849ede7f6fb98fc35f3013766b812107ca7b2ef15753292f2,[]
13_comparacion_modelos.ipynb,4,5,3.0,3,3,9b3c1ce11ff5eb77274f06eb74c0db51e95fb615e3486bd4668a8bde1a6c332a,[]
14_ablaciones_PU_y_cierre.ipynb,1,2,1.0,13,12,7d3cf1b89bc1615311a4e60b5b85d96bf4365722fd9de56a6447346db4b33e0c,[]
14_ablaciones_PU_y_cierre.ipynb,3,4,2.0,4,4,062463b7393b687640f225638e363745b7dd94722c513fc987015aa68e2c7944,[]
14_ablaciones_PU_y_cierre.ipynb,4,5,3.0,9,9,14efdc71fc3ed295b0d8462ff8693ac34c34513ddac9ca5fad8b43a1e4b430d9,[]
