name,familia,decision,significado_geologico,fuente,metodo_calculo,unidades,soporte_espacial,tratamiento_nodata,riesgo_leakage_circularidad,motivo_decision
litologia_dominante,Litología,rejected,Unidad litológica de mayor superficie en la celda.,IGME (GEODE),mayor área terrestre; empate por texto ordenado,categoría textual,96.90% válido,Categoría __MISSING__ o __UNKNOWN__,"Bajo respecto a indicios, pero genera colinealidad/redundancia con las 19 fracciones continuas.",Rechazada por redundancia estricta: es el argmax discreto de las 19 fracciones continuas.
litologia_u000_fraccion,Litología,approved,"Fracción superficial ocupada por la unidad: Areniscas, conglomerados, arcillas; calizas y evaporitas. Representa litología encajante y quimismo del sustrato.",IGME (GEODE Mapa Geológico Continuo 1:50.000 / 1:200.000),"intersección exacta; fracción de unidad mixta, no de mineral","fracción (m2/m2 terrestre, [0, 1])",96.90% válido (missing 3.10% en celdas con polígonos no clasificados o aguas),Asignación de 0.0 cuando la unidad no está presente en la celda; imputación de mediana/cero en bordes.,Nulo. Cartografía geológica básica levantada de forma independiente a la exploración aurífera.,Componente esencial de la petrografía del encajante. Preserva mezclas subcelda sin forzar agregación categórica.
litologia_u001_fraccion,Litología,approved,"Fracción superficial ocupada por la unidad: Areniscas, pizarras y calizas. Representa litología encajante y quimismo del sustrato.",IGME (GEODE Mapa Geológico Continuo 1:50.000 / 1:200.000),"intersección exacta; fracción de unidad mixta, no de mineral","fracción (m2/m2 terrestre, [0, 1])",96.90% válido (missing 3.10% en celdas con polígonos no clasificados o aguas),Asignación de 0.0 cuando la unidad no está presente en la celda; imputación de mediana/cero en bordes.,Nulo. Cartografía geológica básica levantada de forma independiente a la exploración aurífera.,Componente esencial de la petrografía del encajante. Preserva mezclas subcelda sin forzar agregación categórica.
litologia_u002_fraccion,Litología,approved,"Fracción superficial ocupada por la unidad: Calizas detríticas, calcarenitas, margas, arcillas y calizas. Representa litología encajante y quimismo del sustrato.",IGME (GEODE Mapa Geológico Continuo 1:50.000 / 1:200.000),"intersección exacta; fracción de unidad mixta, no de mineral","fracción (m2/m2 terrestre, [0, 1])",96.90% válido (missing 3.10% en celdas con polígonos no clasificados o aguas),Asignación de 0.0 cuando la unidad no está presente en la celda; imputación de mediana/cero en bordes.,Nulo. Cartografía geológica básica levantada de forma independiente a la exploración aurífera.,Componente esencial de la petrografía del encajante. Preserva mezclas subcelda sin forzar agregación categórica.
litologia_u003_fraccion,Litología,approved,"Fracción superficial ocupada por la unidad: Calizas, dolomías y margas. Areniscas y conglomerados. Representa litología encajante y quimismo del sustrato.",IGME (GEODE Mapa Geológico Continuo 1:50.000 / 1:200.000),"intersección exacta; fracción de unidad mixta, no de mineral","fracción (m2/m2 terrestre, [0, 1])",96.90% válido (missing 3.10% en celdas con polígonos no clasificados o aguas),Asignación de 0.0 cuando la unidad no está presente en la celda; imputación de mediana/cero en bordes.,Nulo. Cartografía geológica básica levantada de forma independiente a la exploración aurífera.,Componente esencial de la petrografía del encajante. Preserva mezclas subcelda sin forzar agregación categórica.
litologia_u004_fraccion,Litología,approved,"Fracción superficial ocupada por la unidad: Conglomerados, areniscas y lutitas. Representa litología encajante y quimismo del sustrato.",IGME (GEODE Mapa Geológico Continuo 1:50.000 / 1:200.000),"intersección exacta; fracción de unidad mixta, no de mineral","fracción (m2/m2 terrestre, [0, 1])",96.90% válido (missing 3.10% en celdas con polígonos no clasificados o aguas),Asignación de 0.0 cuando la unidad no está presente en la celda; imputación de mediana/cero en bordes.,Nulo. Cartografía geológica básica levantada de forma independiente a la exploración aurífera.,Componente esencial de la petrografía del encajante. Preserva mezclas subcelda sin forzar agregación categórica.
litologia_u005_fraccion,Litología,approved,"Fracción superficial ocupada por la unidad: Conglomerados, areniscas, arcillas y calizas. Evaporitas. Representa litología encajante y quimismo del sustrato.",IGME (GEODE Mapa Geológico Continuo 1:50.000 / 1:200.000),"intersección exacta; fracción de unidad mixta, no de mineral","fracción (m2/m2 terrestre, [0, 1])",96.90% válido (missing 3.10% en celdas con polígonos no clasificados o aguas),Asignación de 0.0 cuando la unidad no está presente en la celda; imputación de mediana/cero en bordes.,Nulo. Cartografía geológica básica levantada de forma independiente a la exploración aurífera.,Componente esencial de la petrografía del encajante. Preserva mezclas subcelda sin forzar agregación categórica.
litologia_u006_fraccion,Litología,approved,"Fracción superficial ocupada por la unidad: Conglomerados, areniscas, calizas, yesos y arcillas versicolores. Representa litología encajante y quimismo del sustrato.",IGME (GEODE Mapa Geológico Continuo 1:50.000 / 1:200.000),"intersección exacta; fracción de unidad mixta, no de mineral","fracción (m2/m2 terrestre, [0, 1])",96.90% válido (missing 3.10% en celdas con polígonos no clasificados o aguas),Asignación de 0.0 cuando la unidad no está presente en la celda; imputación de mediana/cero en bordes.,Nulo. Cartografía geológica básica levantada de forma independiente a la exploración aurífera.,Componente esencial de la petrografía del encajante. Preserva mezclas subcelda sin forzar agregación categórica.
litologia_u007_fraccion,Litología,approved,"Fracción superficial ocupada por la unidad: Conglomerados, areniscas, pizarras y calizas. Carbón. Representa litología encajante y quimismo del sustrato.",IGME (GEODE Mapa Geológico Continuo 1:50.000 / 1:200.000),"intersección exacta; fracción de unidad mixta, no de mineral","fracción (m2/m2 terrestre, [0, 1])",96.90% válido (missing 3.10% en celdas con polígonos no clasificados o aguas),Asignación de 0.0 cuando la unidad no está presente en la celda; imputación de mediana/cero en bordes.,Nulo. Cartografía geológica básica levantada de forma independiente a la exploración aurífera.,Componente esencial de la petrografía del encajante. Preserva mezclas subcelda sin forzar agregación categórica.
litologia_u008_fraccion,Litología,approved,"Fracción superficial ocupada por la unidad: Cuarcitas, pizarras, areniscas y calizas. Representa litología encajante y quimismo del sustrato.",IGME (GEODE Mapa Geológico Continuo 1:50.000 / 1:200.000),"intersección exacta; fracción de unidad mixta, no de mineral","fracción (m2/m2 terrestre, [0, 1])",96.90% válido (missing 3.10% en celdas con polígonos no clasificados o aguas),Asignación de 0.0 cuando la unidad no está presente en la celda; imputación de mediana/cero en bordes.,Nulo. Cartografía geológica básica levantada de forma independiente a la exploración aurífera.,Componente esencial de la petrografía del encajante. Preserva mezclas subcelda sin forzar agregación categórica.
litologia_u009_fraccion,Litología,approved,"Fracción superficial ocupada por la unidad: Dolomías, calizas y margas. Areniscas. Representa litología encajante y quimismo del sustrato.",IGME (GEODE Mapa Geológico Continuo 1:50.000 / 1:200.000),"intersección exacta; fracción de unidad mixta, no de mineral","fracción (m2/m2 terrestre, [0, 1])",96.90% válido (missing 3.10% en celdas con polígonos no clasificados o aguas),Asignación de 0.0 cuando la unidad no está presente en la celda; imputación de mediana/cero en bordes.,Nulo. Cartografía geológica básica levantada de forma independiente a la exploración aurífera.,Componente esencial de la petrografía del encajante. Preserva mezclas subcelda sin forzar agregación categórica.
litologia_u010_fraccion,Litología,approved,Fracción superficial ocupada por la unidad: Gneisses. Representa litología encajante y quimismo del sustrato.,IGME (GEODE Mapa Geológico Continuo 1:50.000 / 1:200.000),"intersección exacta; fracción de unidad mixta, no de mineral","fracción (m2/m2 terrestre, [0, 1])",96.90% válido (missing 3.10% en celdas con polígonos no clasificados o aguas),Asignación de 0.0 cuando la unidad no está presente en la celda; imputación de mediana/cero en bordes.,Nulo. Cartografía geológica básica levantada de forma independiente a la exploración aurífera.,Componente esencial de la petrografía del encajante. Preserva mezclas subcelda sin forzar agregación categórica.
litologia_u011_fraccion,Litología,approved,Fracción superficial ocupada por la unidad: Granitoides de dos micas. Representa litología encajante y quimismo del sustrato.,IGME (GEODE Mapa Geológico Continuo 1:50.000 / 1:200.000),"intersección exacta; fracción de unidad mixta, no de mineral","fracción (m2/m2 terrestre, [0, 1])",96.90% válido (missing 3.10% en celdas con polígonos no clasificados o aguas),Asignación de 0.0 cuando la unidad no está presente en la celda; imputación de mediana/cero en bordes.,Nulo. Cartografía geológica básica levantada de forma independiente a la exploración aurífera.,Componente esencial de la petrografía del encajante. Preserva mezclas subcelda sin forzar agregación categórica.
litologia_u012_fraccion,Litología,approved,"Fracción superficial ocupada por la unidad: Gravas, conglomerados, arenas y limos. Representa litología encajante y quimismo del sustrato.",IGME (GEODE Mapa Geológico Continuo 1:50.000 / 1:200.000),"intersección exacta; fracción de unidad mixta, no de mineral","fracción (m2/m2 terrestre, [0, 1])",96.90% válido (missing 3.10% en celdas con polígonos no clasificados o aguas),Asignación de 0.0 cuando la unidad no está presente en la celda; imputación de mediana/cero en bordes.,Nulo. Cartografía geológica básica levantada de forma independiente a la exploración aurífera.,Componente esencial de la petrografía del encajante. Preserva mezclas subcelda sin forzar agregación categórica.
litologia_u013_fraccion,Litología,approved,"Fracción superficial ocupada por la unidad: Micaesquistos, filitas, areniscas, mármoles, calizas, dolomías y margas. Representa litología encajante y quimismo del sustrato.",IGME (GEODE Mapa Geológico Continuo 1:50.000 / 1:200.000),"intersección exacta; fracción de unidad mixta, no de mineral","fracción (m2/m2 terrestre, [0, 1])",96.90% válido (missing 3.10% en celdas con polígonos no clasificados o aguas),Asignación de 0.0 cuando la unidad no está presente en la celda; imputación de mediana/cero en bordes.,Nulo. Cartografía geológica básica levantada de forma independiente a la exploración aurífera.,Componente esencial de la petrografía del encajante. Preserva mezclas subcelda sin forzar agregación categórica.
litologia_u014_fraccion,Litología,approved,"Fracción superficial ocupada por la unidad: Migmatitas, mármoles y granitoides indiferenciados. Representa litología encajante y quimismo del sustrato.",IGME (GEODE Mapa Geológico Continuo 1:50.000 / 1:200.000),"intersección exacta; fracción de unidad mixta, no de mineral","fracción (m2/m2 terrestre, [0, 1])",96.90% válido (missing 3.10% en celdas con polígonos no clasificados o aguas),Asignación de 0.0 cuando la unidad no está presente en la celda; imputación de mediana/cero en bordes.,Nulo. Cartografía geológica básica levantada de forma independiente a la exploración aurífera.,Componente esencial de la petrografía del encajante. Preserva mezclas subcelda sin forzar agregación categórica.
litologia_u015_fraccion,Litología,approved,Fracción superficial ocupada por la unidad: Otros granitoides. Representa litología encajante y quimismo del sustrato.,IGME (GEODE Mapa Geológico Continuo 1:50.000 / 1:200.000),"intersección exacta; fracción de unidad mixta, no de mineral","fracción (m2/m2 terrestre, [0, 1])",96.90% válido (missing 3.10% en celdas con polígonos no clasificados o aguas),Asignación de 0.0 cuando la unidad no está presente en la celda; imputación de mediana/cero en bordes.,Nulo. Cartografía geológica básica levantada de forma independiente a la exploración aurífera.,Componente esencial de la petrografía del encajante. Preserva mezclas subcelda sin forzar agregación categórica.
litologia_u016_fraccion,Litología,approved,"Fracción superficial ocupada por la unidad: Pizarras, grauwackas, cuarictas y conglomerados. Representa litología encajante y quimismo del sustrato.",IGME (GEODE Mapa Geológico Continuo 1:50.000 / 1:200.000),"intersección exacta; fracción de unidad mixta, no de mineral","fracción (m2/m2 terrestre, [0, 1])",96.90% válido (missing 3.10% en celdas con polígonos no clasificados o aguas),Asignación de 0.0 cuando la unidad no está presente en la celda; imputación de mediana/cero en bordes.,Nulo. Cartografía geológica básica levantada de forma independiente a la exploración aurífera.,Componente esencial de la petrografía del encajante. Preserva mezclas subcelda sin forzar agregación categórica.
litologia_u018_fraccion,Litología,approved,Fracción superficial ocupada por la unidad: Serpentinitas y peridotitas. Rocas básicas y ultrabásicas. Representa litología encajante y quimismo del sustrato.,IGME (GEODE Mapa Geológico Continuo 1:50.000 / 1:200.000),"intersección exacta; fracción de unidad mixta, no de mineral","fracción (m2/m2 terrestre, [0, 1])",96.90% válido (missing 3.10% en celdas con polígonos no clasificados o aguas),Asignación de 0.0 cuando la unidad no está presente en la celda; imputación de mediana/cero en bordes.,Nulo. Cartografía geológica básica levantada de forma independiente a la exploración aurífera.,Componente esencial de la petrografía del encajante. Preserva mezclas subcelda sin forzar agregación categórica.
litologia_u019_fraccion,Litología,approved,Fracción superficial ocupada por la unidad: Vulcanitas y rocas volcanoclásticas. Representa litología encajante y quimismo del sustrato.,IGME (GEODE Mapa Geológico Continuo 1:50.000 / 1:200.000),"intersección exacta; fracción de unidad mixta, no de mineral","fracción (m2/m2 terrestre, [0, 1])",96.90% válido (missing 3.10% en celdas con polígonos no clasificados o aguas),Asignación de 0.0 cuando la unidad no está presente en la celda; imputación de mediana/cero en bordes.,Nulo. Cartografía geológica básica levantada de forma independiente a la exploración aurífera.,Componente esencial de la petrografía del encajante. Preserva mezclas subcelda sin forzar agregación categórica.
edades_dominante,Edades,rejected,Periodo cronoestratigráfico de mayor superficie en la celda.,IGME (GEODE),mayor área terrestre; empate por texto ordenado,categoría textual,96.90% válido,Categoría __MISSING__ o __UNKNOWN__,"Bajo respecto a indicios, pero redundante con fracciones continuas.",Rechazada por redundancia estricta: es el argmax de las 28 fracciones de edad.
edades_u000_fraccion,Edades,approved,Fracción cronoestratigráfica de la unidad: CARBONÍFERO. Contextualiza ciclo orogénico y edad del encajante.,IGME (GEODE Mapa Geológico Continuo 1:50.000 / 1:200.000),"intersección exacta; fracción de unidad mixta, no de mineral","fracción (m2/m2 terrestre, [0, 1])",96.90% válido (missing 3.10%),Asignación de 0.0 si la edad no está presente,Nulo. Cronoestratigrafía regional independiente.,"Delimita dominios tectonotermales y orogenias (Varisca, Alpina) de forma continua y objetiva."
edades_u001_fraccion,Edades,approved,Fracción cronoestratigráfica de la unidad: CARBONÍFERO-PÉRMICO. Contextualiza ciclo orogénico y edad del encajante.,IGME (GEODE Mapa Geológico Continuo 1:50.000 / 1:200.000),"intersección exacta; fracción de unidad mixta, no de mineral","fracción (m2/m2 terrestre, [0, 1])",96.90% válido (missing 3.10%),Asignación de 0.0 si la edad no está presente,Nulo. Cronoestratigrafía regional independiente.,"Delimita dominios tectonotermales y orogenias (Varisca, Alpina) de forma continua y objetiva."
edades_u002_fraccion,Edades,approved,Fracción cronoestratigráfica de la unidad: CRETÁCICO. Contextualiza ciclo orogénico y edad del encajante.,IGME (GEODE Mapa Geológico Continuo 1:50.000 / 1:200.000),"intersección exacta; fracción de unidad mixta, no de mineral","fracción (m2/m2 terrestre, [0, 1])",96.90% válido (missing 3.10%),Asignación de 0.0 si la edad no está presente,Nulo. Cronoestratigrafía regional independiente.,"Delimita dominios tectonotermales y orogenias (Varisca, Alpina) de forma continua y objetiva."
edades_u003_fraccion,Edades,approved,Fracción cronoestratigráfica de la unidad: CRETÁCICO-PALEÓGENO. Contextualiza ciclo orogénico y edad del encajante.,IGME (GEODE Mapa Geológico Continuo 1:50.000 / 1:200.000),"intersección exacta; fracción de unidad mixta, no de mineral","fracción (m2/m2 terrestre, [0, 1])",96.90% válido (missing 3.10%),Asignación de 0.0 si la edad no está presente,Nulo. Cronoestratigrafía regional independiente.,"Delimita dominios tectonotermales y orogenias (Varisca, Alpina) de forma continua y objetiva."
edades_u004_fraccion,Edades,rejected,Fracción de edad CUATERNARIO en la celda.,IGME (GEODE Mapa Geológico Continuo 1:50.000 / 1:200.000),"intersección exacta; fracción de unidad mixta, no de mineral","fracción (m2/m2 terrestre, [0, 1])",96.90% válido (missing 3.10%),Asignación de 0.0 si la edad no está presente,Nulo. Cronoestratigrafía regional independiente.,Rechazada por duplicación exacta inter-fuente: 100% idéntica a litologia_u012_fraccion en todas las celdas.
edades_u005_fraccion,Edades,approved,Fracción cronoestratigráfica de la unidad: CÁMBRICO. Contextualiza ciclo orogénico y edad del encajante.,IGME (GEODE Mapa Geológico Continuo 1:50.000 / 1:200.000),"intersección exacta; fracción de unidad mixta, no de mineral","fracción (m2/m2 terrestre, [0, 1])",96.90% válido (missing 3.10%),Asignación de 0.0 si la edad no está presente,Nulo. Cronoestratigrafía regional independiente.,"Delimita dominios tectonotermales y orogenias (Varisca, Alpina) de forma continua y objetiva."
edades_u006_fraccion,Edades,approved,Fracción cronoestratigráfica de la unidad: CÁMBRICO-ORDOVÍCICO. Contextualiza ciclo orogénico y edad del encajante.,IGME (GEODE Mapa Geológico Continuo 1:50.000 / 1:200.000),"intersección exacta; fracción de unidad mixta, no de mineral","fracción (m2/m2 terrestre, [0, 1])",96.90% válido (missing 3.10%),Asignación de 0.0 si la edad no está presente,Nulo. Cronoestratigrafía regional independiente.,"Delimita dominios tectonotermales y orogenias (Varisca, Alpina) de forma continua y objetiva."
edades_u007_fraccion,Edades,approved,Fracción cronoestratigráfica de la unidad: DEVÓNICO-CARBONÍFERO. Contextualiza ciclo orogénico y edad del encajante.,IGME (GEODE Mapa Geológico Continuo 1:50.000 / 1:200.000),"intersección exacta; fracción de unidad mixta, no de mineral","fracción (m2/m2 terrestre, [0, 1])",96.90% válido (missing 3.10%),Asignación de 0.0 si la edad no está presente,Nulo. Cronoestratigrafía regional independiente.,"Delimita dominios tectonotermales y orogenias (Varisca, Alpina) de forma continua y objetiva."
edades_u008_fraccion,Edades,approved,Fracción cronoestratigráfica de la unidad: DEVÓNICO-CARBONÍFERO-PÉRMICO (Plut. Hercínico). Contextualiza ciclo orogénico y edad del encajante.,IGME (GEODE Mapa Geológico Continuo 1:50.000 / 1:200.000),"intersección exacta; fracción de unidad mixta, no de mineral","fracción (m2/m2 terrestre, [0, 1])",96.90% válido (missing 3.10%),Asignación de 0.0 si la edad no está presente,Nulo. Cronoestratigrafía regional independiente.,"Delimita dominios tectonotermales y orogenias (Varisca, Alpina) de forma continua y objetiva."
edades_u009_fraccion,Edades,approved,Fracción cronoestratigráfica de la unidad: JURÁSICO. Contextualiza ciclo orogénico y edad del encajante.,IGME (GEODE Mapa Geológico Continuo 1:50.000 / 1:200.000),"intersección exacta; fracción de unidad mixta, no de mineral","fracción (m2/m2 terrestre, [0, 1])",96.90% válido (missing 3.10%),Asignación de 0.0 si la edad no está presente,Nulo. Cronoestratigrafía regional independiente.,"Delimita dominios tectonotermales y orogenias (Varisca, Alpina) de forma continua y objetiva."
edades_u010_fraccion,Edades,approved,Fracción cronoestratigráfica de la unidad: JURÁSICO-CRETÁCICO. Contextualiza ciclo orogénico y edad del encajante.,IGME (GEODE Mapa Geológico Continuo 1:50.000 / 1:200.000),"intersección exacta; fracción de unidad mixta, no de mineral","fracción (m2/m2 terrestre, [0, 1])",96.90% válido (missing 3.10%),Asignación de 0.0 si la edad no está presente,Nulo. Cronoestratigrafía regional independiente.,"Delimita dominios tectonotermales y orogenias (Varisca, Alpina) de forma continua y objetiva."
edades_u011_fraccion,Edades,approved,Fracción cronoestratigráfica de la unidad: NEÓGENO. Contextualiza ciclo orogénico y edad del encajante.,IGME (GEODE Mapa Geológico Continuo 1:50.000 / 1:200.000),"intersección exacta; fracción de unidad mixta, no de mineral","fracción (m2/m2 terrestre, [0, 1])",96.90% válido (missing 3.10%),Asignación de 0.0 si la edad no está presente,Nulo. Cronoestratigrafía regional independiente.,"Delimita dominios tectonotermales y orogenias (Varisca, Alpina) de forma continua y objetiva."
edades_u012_fraccion,Edades,approved,Fracción cronoestratigráfica de la unidad: NEÓGENO-CUATERNARIO. Contextualiza ciclo orogénico y edad del encajante.,IGME (GEODE Mapa Geológico Continuo 1:50.000 / 1:200.000),"intersección exacta; fracción de unidad mixta, no de mineral","fracción (m2/m2 terrestre, [0, 1])",96.90% válido (missing 3.10%),Asignación de 0.0 si la edad no está presente,Nulo. Cronoestratigrafía regional independiente.,"Delimita dominios tectonotermales y orogenias (Varisca, Alpina) de forma continua y objetiva."
edades_u013_fraccion,Edades,approved,Fracción cronoestratigráfica de la unidad: ORDOVÍCICO. Contextualiza ciclo orogénico y edad del encajante.,IGME (GEODE Mapa Geológico Continuo 1:50.000 / 1:200.000),"intersección exacta; fracción de unidad mixta, no de mineral","fracción (m2/m2 terrestre, [0, 1])",96.90% válido (missing 3.10%),Asignación de 0.0 si la edad no está presente,Nulo. Cronoestratigrafía regional independiente.,"Delimita dominios tectonotermales y orogenias (Varisca, Alpina) de forma continua y objetiva."
edades_u014_fraccion,Edades,approved,Fracción cronoestratigráfica de la unidad: ORDOVÍCICO-SILÚRICO. Contextualiza ciclo orogénico y edad del encajante.,IGME (GEODE Mapa Geológico Continuo 1:50.000 / 1:200.000),"intersección exacta; fracción de unidad mixta, no de mineral","fracción (m2/m2 terrestre, [0, 1])",96.90% válido (missing 3.10%),Asignación de 0.0 si la edad no está presente,Nulo. Cronoestratigrafía regional independiente.,"Delimita dominios tectonotermales y orogenias (Varisca, Alpina) de forma continua y objetiva."
edades_u015_fraccion,Edades,approved,Fracción cronoestratigráfica de la unidad: PALEÓGENO. Contextualiza ciclo orogénico y edad del encajante.,IGME (GEODE Mapa Geológico Continuo 1:50.000 / 1:200.000),"intersección exacta; fracción de unidad mixta, no de mineral","fracción (m2/m2 terrestre, [0, 1])",96.90% válido (missing 3.10%),Asignación de 0.0 si la edad no está presente,Nulo. Cronoestratigrafía regional independiente.,"Delimita dominios tectonotermales y orogenias (Varisca, Alpina) de forma continua y objetiva."
edades_u016_fraccion,Edades,approved,Fracción cronoestratigráfica de la unidad: PALEÓGENO-NEÓGENO. Contextualiza ciclo orogénico y edad del encajante.,IGME (GEODE Mapa Geológico Continuo 1:50.000 / 1:200.000),"intersección exacta; fracción de unidad mixta, no de mineral","fracción (m2/m2 terrestre, [0, 1])",96.90% válido (missing 3.10%),Asignación de 0.0 si la edad no está presente,Nulo. Cronoestratigrafía regional independiente.,"Delimita dominios tectonotermales y orogenias (Varisca, Alpina) de forma continua y objetiva."
edades_u017_fraccion,Edades,approved,Fracción cronoestratigráfica de la unidad: PROTEROZOICO SUPERIOR-VENDIENSE. Contextualiza ciclo orogénico y edad del encajante.,IGME (GEODE Mapa Geológico Continuo 1:50.000 / 1:200.000),"intersección exacta; fracción de unidad mixta, no de mineral","fracción (m2/m2 terrestre, [0, 1])",96.90% válido (missing 3.10%),Asignación de 0.0 si la edad no está presente,Nulo. Cronoestratigrafía regional independiente.,"Delimita dominios tectonotermales y orogenias (Varisca, Alpina) de forma continua y objetiva."
edades_u018_fraccion,Edades,approved,Fracción cronoestratigráfica de la unidad: PÉRMICO. Contextualiza ciclo orogénico y edad del encajante.,IGME (GEODE Mapa Geológico Continuo 1:50.000 / 1:200.000),"intersección exacta; fracción de unidad mixta, no de mineral","fracción (m2/m2 terrestre, [0, 1])",96.90% válido (missing 3.10%),Asignación de 0.0 si la edad no está presente,Nulo. Cronoestratigrafía regional independiente.,"Delimita dominios tectonotermales y orogenias (Varisca, Alpina) de forma continua y objetiva."
edades_u019_fraccion,Edades,approved,Fracción cronoestratigráfica de la unidad: PÉRMICO-TRIÁSICO. Contextualiza ciclo orogénico y edad del encajante.,IGME (GEODE Mapa Geológico Continuo 1:50.000 / 1:200.000),"intersección exacta; fracción de unidad mixta, no de mineral","fracción (m2/m2 terrestre, [0, 1])",96.90% válido (missing 3.10%),Asignación de 0.0 si la edad no está presente,Nulo. Cronoestratigrafía regional independiente.,"Delimita dominios tectonotermales y orogenias (Varisca, Alpina) de forma continua y objetiva."
edades_u020_fraccion,Edades,approved,Fracción cronoestratigráfica de la unidad: RIFEENSE. Contextualiza ciclo orogénico y edad del encajante.,IGME (GEODE Mapa Geológico Continuo 1:50.000 / 1:200.000),"intersección exacta; fracción de unidad mixta, no de mineral","fracción (m2/m2 terrestre, [0, 1])",96.90% válido (missing 3.10%),Asignación de 0.0 si la edad no está presente,Nulo. Cronoestratigrafía regional independiente.,"Delimita dominios tectonotermales y orogenias (Varisca, Alpina) de forma continua y objetiva."
edades_u021_fraccion,Edades,approved,Fracción cronoestratigráfica de la unidad: RIFEENSE-VENDIENSE-CÁMBRICO. Contextualiza ciclo orogénico y edad del encajante.,IGME (GEODE Mapa Geológico Continuo 1:50.000 / 1:200.000),"intersección exacta; fracción de unidad mixta, no de mineral","fracción (m2/m2 terrestre, [0, 1])",96.90% válido (missing 3.10%),Asignación de 0.0 si la edad no está presente,Nulo. Cronoestratigrafía regional independiente.,"Delimita dominios tectonotermales y orogenias (Varisca, Alpina) de forma continua y objetiva."
edades_u022_fraccion,Edades,approved,Fracción cronoestratigráfica de la unidad: SILÚRICO. Contextualiza ciclo orogénico y edad del encajante.,IGME (GEODE Mapa Geológico Continuo 1:50.000 / 1:200.000),"intersección exacta; fracción de unidad mixta, no de mineral","fracción (m2/m2 terrestre, [0, 1])",96.90% válido (missing 3.10%),Asignación de 0.0 si la edad no está presente,Nulo. Cronoestratigrafía regional independiente.,"Delimita dominios tectonotermales y orogenias (Varisca, Alpina) de forma continua y objetiva."
edades_u023_fraccion,Edades,approved,Fracción cronoestratigráfica de la unidad: SILÚRICO-DEVÓNICO. Contextualiza ciclo orogénico y edad del encajante.,IGME (GEODE Mapa Geológico Continuo 1:50.000 / 1:200.000),"intersección exacta; fracción de unidad mixta, no de mineral","fracción (m2/m2 terrestre, [0, 1])",96.90% válido (missing 3.10%),Asignación de 0.0 si la edad no está presente,Nulo. Cronoestratigrafía regional independiente.,"Delimita dominios tectonotermales y orogenias (Varisca, Alpina) de forma continua y objetiva."
edades_u025_fraccion,Edades,approved,Fracción cronoestratigráfica de la unidad: TRIÁSICO. Contextualiza ciclo orogénico y edad del encajante.,IGME (GEODE Mapa Geológico Continuo 1:50.000 / 1:200.000),"intersección exacta; fracción de unidad mixta, no de mineral","fracción (m2/m2 terrestre, [0, 1])",96.90% válido (missing 3.10%),Asignación de 0.0 si la edad no está presente,Nulo. Cronoestratigrafía regional independiente.,"Delimita dominios tectonotermales y orogenias (Varisca, Alpina) de forma continua y objetiva."
edades_u026_fraccion,Edades,approved,Fracción cronoestratigráfica de la unidad: TRIÁSICO-JURÁSICO. Contextualiza ciclo orogénico y edad del encajante.,IGME (GEODE Mapa Geológico Continuo 1:50.000 / 1:200.000),"intersección exacta; fracción de unidad mixta, no de mineral","fracción (m2/m2 terrestre, [0, 1])",96.90% válido (missing 3.10%),Asignación de 0.0 si la edad no está presente,Nulo. Cronoestratigrafía regional independiente.,"Delimita dominios tectonotermales y orogenias (Varisca, Alpina) de forma continua y objetiva."
edades_u027_fraccion,Edades,approved,Fracción cronoestratigráfica de la unidad: VENDIENSE. Contextualiza ciclo orogénico y edad del encajante.,IGME (GEODE Mapa Geológico Continuo 1:50.000 / 1:200.000),"intersección exacta; fracción de unidad mixta, no de mineral","fracción (m2/m2 terrestre, [0, 1])",96.90% válido (missing 3.10%),Asignación de 0.0 si la edad no está presente,Nulo. Cronoestratigrafía regional independiente.,"Delimita dominios tectonotermales y orogenias (Varisca, Alpina) de forma continua y objetiva."
edades_u028_fraccion,Edades,approved,Fracción cronoestratigráfica de la unidad: VENDIENSE-CÁMBRICO. Contextualiza ciclo orogénico y edad del encajante.,IGME (GEODE Mapa Geológico Continuo 1:50.000 / 1:200.000),"intersección exacta; fracción de unidad mixta, no de mineral","fracción (m2/m2 terrestre, [0, 1])",96.90% válido (missing 3.10%),Asignación de 0.0 si la edad no está presente,Nulo. Cronoestratigrafía regional independiente.,"Delimita dominios tectonotermales y orogenias (Varisca, Alpina) de forma continua y objetiva."
dist_falla_cartografiada_m,Estructuras,approved,Distancia euclídea a falla o zona de cizalla cartografiada real. Metalotecto de permeabilidad y transporte de fluidos.,IGME (GEODE Capa de Contactos y Fallas 1:50.000 / 1:200.000),centro a traza cartografiada; NaN sin traza dentro de 10000 m; cobertura no acreditada,metros,81.10% válido (censura a 10 km: 18.90% nulos),Censura a 10.000 m. Imputación acotada a valor máximo/mediana.,"Bajo respecto a BDMIN; sesgo posible de mayor mapeo de fallas en áreas mineras, pero admisible como metalotecto físico.",Aprobada: conducto hidrotermal primordial en depósitos de oro orogénicos y filonianos.
dens_aprox_falla_cartografiada_1000m_km_km2,Estructuras,pending,Densidad lineal aproximada de traza cartografiada en radio 1000m.,IGME (GEODE Capa de Contactos y Fallas 1:50.000 / 1:200.000),longitud exacta por celda; ventana circular con reparto uniforme subcelda; no acredita ausencia,km/km2,100.00% válido (0.00% missing),Cero asignado cuando no hay traza en el radio de búsqueda.,Afectado por simplificación uniforme subcelda (status experimental_aproximacion_1km).,Estado experimental_aproximacion_1km. Pendiente de contrastar con convolución exacta sin artefactos.
dens_aprox_falla_cartografiada_5000m_km_km2,Estructuras,pending,Densidad lineal aproximada de traza cartografiada en radio 5000m.,IGME (GEODE Capa de Contactos y Fallas 1:50.000 / 1:200.000),longitud exacta por celda; ventana circular con reparto uniforme subcelda; no acredita ausencia,km/km2,100.00% válido (0.00% missing),Cero asignado cuando no hay traza en el radio de búsqueda.,Afectado por simplificación uniforme subcelda (status experimental_aproximacion_1km).,Estado experimental_aproximacion_1km. Pendiente de contrastar con convolución exacta sin artefactos.
dens_aprox_falla_cartografiada_10000m_km_km2,Estructuras,pending,Densidad lineal aproximada de traza cartografiada en radio 10000m.,IGME (GEODE Capa de Contactos y Fallas 1:50.000 / 1:200.000),longitud exacta por celda; ventana circular con reparto uniforme subcelda; no acredita ausencia,km/km2,100.00% válido (0.00% missing),Cero asignado cuando no hay traza en el radio de búsqueda.,Afectado por simplificación uniforme subcelda (status experimental_aproximacion_1km).,Estado experimental_aproximacion_1km. Pendiente de contrastar con convolución exacta sin artefactos.
dist_falla_supuesta_m,Estructuras,rejected,Estructura inferida/supuesta (dist_falla_supuesta_m). Traza no visible en superficie o deducida bajo cobertera.,IGME (GEODE Capa de Contactos y Fallas 1:50.000 / 1:200.000),centro a traza cartografiada; NaN sin traza dentro de 10000 m; cobertura no acreditada,metros,69.79% válido (censura a 10 km: 30.21% nulos),Censura a 10.000 m. Imputación acotada a valor máximo/mediana.,Alta incertidumbre y subjetividad cartográfica. Enorme porcentaje de vacío censurado.,"Rechazada: traza inferida sin afloramiento comprobado, introduce ruido y sesgo interpretativo."
dens_aprox_falla_supuesta_1000m_km_km2,Estructuras,rejected,Estructura inferida/supuesta (dens_aprox_falla_supuesta_1000m_km_km2). Traza no visible en superficie o deducida bajo cobertera.,IGME (GEODE Capa de Contactos y Fallas 1:50.000 / 1:200.000),longitud exacta por celda; ventana circular con reparto uniforme subcelda; no acredita ausencia,km/km2,100.00% válido (0.00% missing),Cero asignado cuando no hay traza en el radio de búsqueda.,Alta incertidumbre y subjetividad cartográfica. Enorme porcentaje de vacío censurado.,"Rechazada: traza inferida sin afloramiento comprobado, introduce ruido y sesgo interpretativo."
dens_aprox_falla_supuesta_5000m_km_km2,Estructuras,rejected,Estructura inferida/supuesta (dens_aprox_falla_supuesta_5000m_km_km2). Traza no visible en superficie o deducida bajo cobertera.,IGME (GEODE Capa de Contactos y Fallas 1:50.000 / 1:200.000),longitud exacta por celda; ventana circular con reparto uniforme subcelda; no acredita ausencia,km/km2,100.00% válido (0.00% missing),Cero asignado cuando no hay traza en el radio de búsqueda.,Alta incertidumbre y subjetividad cartográfica. Enorme porcentaje de vacío censurado.,"Rechazada: traza inferida sin afloramiento comprobado, introduce ruido y sesgo interpretativo."
dens_aprox_falla_supuesta_10000m_km_km2,Estructuras,rejected,Estructura inferida/supuesta (dens_aprox_falla_supuesta_10000m_km_km2). Traza no visible en superficie o deducida bajo cobertera.,IGME (GEODE Capa de Contactos y Fallas 1:50.000 / 1:200.000),longitud exacta por celda; ventana circular con reparto uniforme subcelda; no acredita ausencia,km/km2,100.00% válido (0.00% missing),Cero asignado cuando no hay traza en el radio de búsqueda.,Alta incertidumbre y subjetividad cartográfica. Enorme porcentaje de vacío censurado.,"Rechazada: traza inferida sin afloramiento comprobado, introduce ruido y sesgo interpretativo."
dist_cabalgamiento_cartografiada_m,Estructuras,approved,Distancia euclídea a cabalgamiento cartografiado real. Despegues compresivos y rampas tectónicas variscas.,IGME (GEODE Capa de Contactos y Fallas 1:50.000 / 1:200.000),centro a traza cartografiada; NaN sin traza dentro de 10000 m; cobertura no acreditada,metros,44.31% válido (censura a 10 km: 55.69% nulos),Censura a 10.000 m. Imputación acotada a valor máximo/mediana.,"Bajo respecto a BDMIN; sesgo posible de mayor mapeo de fallas en áreas mineras, pero admisible como metalotecto físico.",Aprobada: trampa estructural y límite tectonoestratigráfico regional de primer orden.
dens_aprox_cabalgamiento_cartografiada_1000m_km_km2,Estructuras,pending,Densidad lineal aproximada de traza cartografiada en radio 1000m.,IGME (GEODE Capa de Contactos y Fallas 1:50.000 / 1:200.000),longitud exacta por celda; ventana circular con reparto uniforme subcelda; no acredita ausencia,km/km2,100.00% válido (0.00% missing),Cero asignado cuando no hay traza en el radio de búsqueda.,Afectado por simplificación uniforme subcelda (status experimental_aproximacion_1km).,Estado experimental_aproximacion_1km. Pendiente de contrastar con convolución exacta sin artefactos.
dens_aprox_cabalgamiento_cartografiada_5000m_km_km2,Estructuras,pending,Densidad lineal aproximada de traza cartografiada en radio 5000m.,IGME (GEODE Capa de Contactos y Fallas 1:50.000 / 1:200.000),longitud exacta por celda; ventana circular con reparto uniforme subcelda; no acredita ausencia,km/km2,100.00% válido (0.00% missing),Cero asignado cuando no hay traza en el radio de búsqueda.,Afectado por simplificación uniforme subcelda (status experimental_aproximacion_1km).,Estado experimental_aproximacion_1km. Pendiente de contrastar con convolución exacta sin artefactos.
dens_aprox_cabalgamiento_cartografiada_10000m_km_km2,Estructuras,pending,Densidad lineal aproximada de traza cartografiada en radio 10000m.,IGME (GEODE Capa de Contactos y Fallas 1:50.000 / 1:200.000),longitud exacta por celda; ventana circular con reparto uniforme subcelda; no acredita ausencia,km/km2,100.00% válido (0.00% missing),Cero asignado cuando no hay traza en el radio de búsqueda.,Afectado por simplificación uniforme subcelda (status experimental_aproximacion_1km).,Estado experimental_aproximacion_1km. Pendiente de contrastar con convolución exacta sin artefactos.
dist_cabalgamiento_supuesta_m,Estructuras,rejected,Estructura inferida/supuesta (dist_cabalgamiento_supuesta_m). Traza no visible en superficie o deducida bajo cobertera.,IGME (GEODE Capa de Contactos y Fallas 1:50.000 / 1:200.000),centro a traza cartografiada; NaN sin traza dentro de 10000 m; cobertura no acreditada,metros,19.94% válido (censura a 10 km: 80.06% nulos),Censura a 10.000 m. Imputación acotada a valor máximo/mediana.,Alta incertidumbre y subjetividad cartográfica. Enorme porcentaje de vacío censurado.,Rechazada: 80.06% de nulos en España y alta subjetividad interpretativa.
dens_aprox_cabalgamiento_supuesta_1000m_km_km2,Estructuras,rejected,Estructura inferida/supuesta (dens_aprox_cabalgamiento_supuesta_1000m_km_km2). Traza no visible en superficie o deducida bajo cobertera.,IGME (GEODE Capa de Contactos y Fallas 1:50.000 / 1:200.000),longitud exacta por celda; ventana circular con reparto uniforme subcelda; no acredita ausencia,km/km2,100.00% válido (0.00% missing),Cero asignado cuando no hay traza en el radio de búsqueda.,Alta incertidumbre y subjetividad cartográfica. Enorme porcentaje de vacío censurado.,"Rechazada: traza inferida sin afloramiento comprobado, introduce ruido y sesgo interpretativo."
dens_aprox_cabalgamiento_supuesta_5000m_km_km2,Estructuras,rejected,Estructura inferida/supuesta (dens_aprox_cabalgamiento_supuesta_5000m_km_km2). Traza no visible en superficie o deducida bajo cobertera.,IGME (GEODE Capa de Contactos y Fallas 1:50.000 / 1:200.000),longitud exacta por celda; ventana circular con reparto uniforme subcelda; no acredita ausencia,km/km2,100.00% válido (0.00% missing),Cero asignado cuando no hay traza en el radio de búsqueda.,Alta incertidumbre y subjetividad cartográfica. Enorme porcentaje de vacío censurado.,"Rechazada: traza inferida sin afloramiento comprobado, introduce ruido y sesgo interpretativo."
dens_aprox_cabalgamiento_supuesta_10000m_km_km2,Estructuras,rejected,Estructura inferida/supuesta (dens_aprox_cabalgamiento_supuesta_10000m_km_km2). Traza no visible en superficie o deducida bajo cobertera.,IGME (GEODE Capa de Contactos y Fallas 1:50.000 / 1:200.000),longitud exacta por celda; ventana circular con reparto uniforme subcelda; no acredita ausencia,km/km2,100.00% válido (0.00% missing),Cero asignado cuando no hay traza en el radio de búsqueda.,Alta incertidumbre y subjetividad cartográfica. Enorme porcentaje de vacío censurado.,"Rechazada: traza inferida sin afloramiento comprobado, introduce ruido y sesgo interpretativo."
dist_contacto_intrusivo_cartografiada_m,Estructuras,approved,Distancia euclídea a contacto magmático plutónico cartografiado real. Zona de aureola térmica y metasomática.,IGME (GEODE Capa de Contactos y Fallas 1:50.000 / 1:200.000),centro a traza cartografiada; NaN sin traza dentro de 10000 m; cobertura no acreditada,metros,30.04% válido (censura a 10 km: 69.96% nulos),Censura a 10.000 m. Imputación acotada a valor máximo/mediana.,"Bajo respecto a BDMIN; sesgo posible de mayor mapeo de fallas en áreas mineras, pero admisible como metalotecto físico.",Aprobada: metalotecto indispensable para sistemas intrusion-related (IRGS) y skarns auríferos.
dens_aprox_contacto_intrusivo_cartografiada_1000m_km_km2,Estructuras,pending,Densidad lineal aproximada de traza cartografiada en radio cartografiada.,IGME (GEODE Capa de Contactos y Fallas 1:50.000 / 1:200.000),longitud exacta por celda; ventana circular con reparto uniforme subcelda; no acredita ausencia,km/km2,100.00% válido (0.00% missing),Cero asignado cuando no hay traza en el radio de búsqueda.,Afectado por simplificación uniforme subcelda (status experimental_aproximacion_1km).,Estado experimental_aproximacion_1km. Pendiente de contrastar con convolución exacta sin artefactos.
dens_aprox_contacto_intrusivo_cartografiada_5000m_km_km2,Estructuras,pending,Densidad lineal aproximada de traza cartografiada en radio cartografiada.,IGME (GEODE Capa de Contactos y Fallas 1:50.000 / 1:200.000),longitud exacta por celda; ventana circular con reparto uniforme subcelda; no acredita ausencia,km/km2,100.00% válido (0.00% missing),Cero asignado cuando no hay traza en el radio de búsqueda.,Afectado por simplificación uniforme subcelda (status experimental_aproximacion_1km).,Estado experimental_aproximacion_1km. Pendiente de contrastar con convolución exacta sin artefactos.
dens_aprox_contacto_intrusivo_cartografiada_10000m_km_km2,Estructuras,pending,Densidad lineal aproximada de traza cartografiada en radio cartografiada.,IGME (GEODE Capa de Contactos y Fallas 1:50.000 / 1:200.000),longitud exacta por celda; ventana circular con reparto uniforme subcelda; no acredita ausencia,km/km2,100.00% válido (0.00% missing),Cero asignado cuando no hay traza en el radio de búsqueda.,Afectado por simplificación uniforme subcelda (status experimental_aproximacion_1km).,Estado experimental_aproximacion_1km. Pendiente de contrastar con convolución exacta sin artefactos.
dist_contacto_intrusivo_supuesta_m,Estructuras,rejected,Estructura inferida/supuesta (dist_contacto_intrusivo_supuesta_m). Traza no visible en superficie o deducida bajo cobertera.,IGME (GEODE Capa de Contactos y Fallas 1:50.000 / 1:200.000),centro a traza cartografiada; NaN sin traza dentro de 10000 m; cobertura no acreditada,metros,2.00% válido (censura a 10 km: 98.00% nulos),Censura a 10.000 m. Imputación acotada a valor máximo/mediana.,Alta incertidumbre y subjetividad cartográfica. Enorme porcentaje de vacío censurado.,Rechazada: 98.00% de nulos en España. Capa prácticamente vacía cuya imputación falsearía territorio.
dens_aprox_contacto_intrusivo_supuesta_1000m_km_km2,Estructuras,rejected,Estructura inferida/supuesta (dens_aprox_contacto_intrusivo_supuesta_1000m_km_km2). Traza no visible en superficie o deducida bajo cobertera.,IGME (GEODE Capa de Contactos y Fallas 1:50.000 / 1:200.000),longitud exacta por celda; ventana circular con reparto uniforme subcelda; no acredita ausencia,km/km2,100.00% válido (0.00% missing),Cero asignado cuando no hay traza en el radio de búsqueda.,Alta incertidumbre y subjetividad cartográfica. Enorme porcentaje de vacío censurado.,"Rechazada: traza inferida sin afloramiento comprobado, introduce ruido y sesgo interpretativo."
dens_aprox_contacto_intrusivo_supuesta_5000m_km_km2,Estructuras,rejected,Estructura inferida/supuesta (dens_aprox_contacto_intrusivo_supuesta_5000m_km_km2). Traza no visible en superficie o deducida bajo cobertera.,IGME (GEODE Capa de Contactos y Fallas 1:50.000 / 1:200.000),longitud exacta por celda; ventana circular con reparto uniforme subcelda; no acredita ausencia,km/km2,100.00% válido (0.00% missing),Cero asignado cuando no hay traza en el radio de búsqueda.,Alta incertidumbre y subjetividad cartográfica. Enorme porcentaje de vacío censurado.,"Rechazada: traza inferida sin afloramiento comprobado, introduce ruido y sesgo interpretativo."
dens_aprox_contacto_intrusivo_supuesta_10000m_km_km2,Estructuras,rejected,Estructura inferida/supuesta (dens_aprox_contacto_intrusivo_supuesta_10000m_km_km2). Traza no visible en superficie o deducida bajo cobertera.,IGME (GEODE Capa de Contactos y Fallas 1:50.000 / 1:200.000),longitud exacta por celda; ventana circular con reparto uniforme subcelda; no acredita ausencia,km/km2,100.00% válido (0.00% missing),Cero asignado cuando no hay traza en el radio de búsqueda.,Alta incertidumbre y subjetividad cartográfica. Enorme porcentaje de vacío censurado.,"Rechazada: traza inferida sin afloramiento comprobado, introduce ruido y sesgo interpretativo."
au_clase_modal,Geoquímica,rejected,Señal geoquímica del elemento Au (au_clase_modal). Derivada de mapas de isovalores de suelos/sedimentos.,"IGME (Atlas Geoquímico de España, digitalización de láminas de isovalores)",moda ponderada; empate clase menor; RGB coincidente; leyenda local pendiente,clase ordinal (RGB),98.24% válido (missing 1.76%),Imputación categórica/numérica en áreas sin cobertura del Atlas,CRÍTICO: Circularidad y fuga de objetivo. Predecir Au usando anomalías de Au memoriza labores y placeres históricos de BDMIN en lugar de aprender prospectividad litológico-estructural.,Rechazada: riesgo severo de circularidad epistemológica y fuga de información del objetivo a predecir.
au_proporcion_clase_0,Geoquímica,rejected,Señal geoquímica del elemento Au (au_proporcion_clase_0). Derivada de mapas de isovalores de suelos/sedimentos.,"IGME (Atlas Geoquímico de España, digitalización de láminas de isovalores)",proporciones alternativas a moda; no concentraciones,proporción de área válida,98.24% válido (missing 1.76%),Imputación categórica/numérica en áreas sin cobertura del Atlas,CRÍTICO: Circularidad y fuga de objetivo. Predecir Au usando anomalías de Au memoriza labores y placeres históricos de BDMIN en lugar de aprender prospectividad litológico-estructural.,Rechazada: riesgo severo de circularidad epistemológica y fuga de información del objetivo a predecir.
au_proporcion_clase_1,Geoquímica,rejected,Señal geoquímica del elemento Au (au_proporcion_clase_1). Derivada de mapas de isovalores de suelos/sedimentos.,"IGME (Atlas Geoquímico de España, digitalización de láminas de isovalores)",proporciones alternativas a moda; no concentraciones,proporción de área válida,98.24% válido (missing 1.76%),Imputación categórica/numérica en áreas sin cobertura del Atlas,CRÍTICO: Circularidad y fuga de objetivo. Predecir Au usando anomalías de Au memoriza labores y placeres históricos de BDMIN en lugar de aprender prospectividad litológico-estructural.,Rechazada: riesgo severo de circularidad epistemológica y fuga de información del objetivo a predecir.
au_proporcion_clase_2,Geoquímica,rejected,Señal geoquímica del elemento Au (au_proporcion_clase_2). Derivada de mapas de isovalores de suelos/sedimentos.,"IGME (Atlas Geoquímico de España, digitalización de láminas de isovalores)",proporciones alternativas a moda; no concentraciones,proporción de área válida,98.24% válido (missing 1.76%),Imputación categórica/numérica en áreas sin cobertura del Atlas,CRÍTICO: Circularidad y fuga de objetivo. Predecir Au usando anomalías de Au memoriza labores y placeres históricos de BDMIN en lugar de aprender prospectividad litológico-estructural.,Rechazada: riesgo severo de circularidad epistemológica y fuga de información del objetivo a predecir.
au_proporcion_clase_3,Geoquímica,rejected,Señal geoquímica del elemento Au (au_proporcion_clase_3). Derivada de mapas de isovalores de suelos/sedimentos.,"IGME (Atlas Geoquímico de España, digitalización de láminas de isovalores)",proporciones alternativas a moda; no concentraciones,proporción de área válida,98.24% válido (missing 1.76%),Imputación categórica/numérica en áreas sin cobertura del Atlas,CRÍTICO: Circularidad y fuga de objetivo. Predecir Au usando anomalías de Au memoriza labores y placeres históricos de BDMIN en lugar de aprender prospectividad litológico-estructural.,Rechazada: riesgo severo de circularidad epistemológica y fuga de información del objetivo a predecir.
au_proporcion_clase_4,Geoquímica,rejected,Señal geoquímica del elemento Au (au_proporcion_clase_4). Derivada de mapas de isovalores de suelos/sedimentos.,"IGME (Atlas Geoquímico de España, digitalización de láminas de isovalores)",proporciones alternativas a moda; no concentraciones,proporción de área válida,98.24% válido (missing 1.76%),Imputación categórica/numérica en áreas sin cobertura del Atlas,CRÍTICO: Circularidad y fuga de objetivo. Predecir Au usando anomalías de Au memoriza labores y placeres históricos de BDMIN en lugar de aprender prospectividad litológico-estructural.,Rechazada: riesgo severo de circularidad epistemológica y fuga de información del objetivo a predecir.
au_proporcion_clase_5,Geoquímica,rejected,Señal geoquímica del elemento Au (au_proporcion_clase_5). Derivada de mapas de isovalores de suelos/sedimentos.,"IGME (Atlas Geoquímico de España, digitalización de láminas de isovalores)",proporciones alternativas a moda; no concentraciones,proporción de área válida,98.24% válido (missing 1.76%),Imputación categórica/numérica en áreas sin cobertura del Atlas,CRÍTICO: Circularidad y fuga de objetivo. Predecir Au usando anomalías de Au memoriza labores y placeres históricos de BDMIN en lugar de aprender prospectividad litológico-estructural.,Rechazada: riesgo severo de circularidad epistemológica y fuga de información del objetivo a predecir.
au_proporcion_clase_6,Geoquímica,rejected,Señal geoquímica del elemento Au (au_proporcion_clase_6). Derivada de mapas de isovalores de suelos/sedimentos.,"IGME (Atlas Geoquímico de España, digitalización de láminas de isovalores)",proporciones alternativas a moda; no concentraciones,proporción de área válida,98.24% válido (missing 1.76%),Imputación categórica/numérica en áreas sin cobertura del Atlas,CRÍTICO: Circularidad y fuga de objetivo. Predecir Au usando anomalías de Au memoriza labores y placeres históricos de BDMIN en lugar de aprender prospectividad litológico-estructural.,Rechazada: riesgo severo de circularidad epistemológica y fuga de información del objetivo a predecir.
as_clase_modal,Geoquímica,pending,Clase modal de AS en la celda. Marcador geoquímico hidrotermal / metalotecto guía.,"IGME (Atlas Geoquímico de España, digitalización de láminas de isovalores)",moda ponderada; empate clase menor; RGB coincidente; leyenda local pendiente,clase ordinal (intervalo local RGB no calibrado),98.24% válido (missing 1.76%),Imputación categórica/numérica en áreas sin cobertura del Atlas,Bajo respecto a BDMIN; señal ambiental/regional independiente de labores puntuales.,Estado técnico leyenda_local_no_validada. Requiere calibración cuantitativa (ppm/ppb) frente a las campañas analíticas originales del IGME antes de aprobar su uso.
as_proporcion_clase_0,Geoquímica,rejected,Fracción de área dentro de la celda perteneciente a la clase 0 de AS.,"IGME (Atlas Geoquímico de España, digitalización de láminas de isovalores)",proporciones alternativas a moda; no concentraciones,proporción de área válida,98.24% válido (missing 1.76%),Imputación categórica/numérica en áreas sin cobertura del Atlas,Colinealidad perfecta (suma 1.0 por celda) y redundancia directa con la clase modal.,Rechazada: redundante con la clase modal correspondiente y colineal con el resto de proporciones de la celda.
as_proporcion_clase_1,Geoquímica,rejected,Fracción de área dentro de la celda perteneciente a la clase 1 de AS.,"IGME (Atlas Geoquímico de España, digitalización de láminas de isovalores)",proporciones alternativas a moda; no concentraciones,proporción de área válida,98.24% válido (missing 1.76%),Imputación categórica/numérica en áreas sin cobertura del Atlas,Colinealidad perfecta (suma 1.0 por celda) y redundancia directa con la clase modal.,Rechazada: redundante con la clase modal correspondiente y colineal con el resto de proporciones de la celda.
as_proporcion_clase_2,Geoquímica,rejected,Fracción de área dentro de la celda perteneciente a la clase 2 de AS.,"IGME (Atlas Geoquímico de España, digitalización de láminas de isovalores)",proporciones alternativas a moda; no concentraciones,proporción de área válida,98.24% válido (missing 1.76%),Imputación categórica/numérica en áreas sin cobertura del Atlas,Colinealidad perfecta (suma 1.0 por celda) y redundancia directa con la clase modal.,Rechazada: redundante con la clase modal correspondiente y colineal con el resto de proporciones de la celda.
as_proporcion_clase_3,Geoquímica,rejected,Fracción de área dentro de la celda perteneciente a la clase 3 de AS.,"IGME (Atlas Geoquímico de España, digitalización de láminas de isovalores)",proporciones alternativas a moda; no concentraciones,proporción de área válida,98.24% válido (missing 1.76%),Imputación categórica/numérica en áreas sin cobertura del Atlas,Colinealidad perfecta (suma 1.0 por celda) y redundancia directa con la clase modal.,Rechazada: redundante con la clase modal correspondiente y colineal con el resto de proporciones de la celda.
as_proporcion_clase_4,Geoquímica,rejected,Fracción de área dentro de la celda perteneciente a la clase 4 de AS.,"IGME (Atlas Geoquímico de España, digitalización de láminas de isovalores)",proporciones alternativas a moda; no concentraciones,proporción de área válida,98.24% válido (missing 1.76%),Imputación categórica/numérica en áreas sin cobertura del Atlas,Colinealidad perfecta (suma 1.0 por celda) y redundancia directa con la clase modal.,Rechazada: redundante con la clase modal correspondiente y colineal con el resto de proporciones de la celda.
as_proporcion_clase_5,Geoquímica,rejected,Fracción de área dentro de la celda perteneciente a la clase 5 de AS.,"IGME (Atlas Geoquímico de España, digitalización de láminas de isovalores)",proporciones alternativas a moda; no concentraciones,proporción de área válida,98.24% válido (missing 1.76%),Imputación categórica/numérica en áreas sin cobertura del Atlas,Colinealidad perfecta (suma 1.0 por celda) y redundancia directa con la clase modal.,Rechazada: redundante con la clase modal correspondiente y colineal con el resto de proporciones de la celda.
as_proporcion_clase_6,Geoquímica,rejected,Fracción de área dentro de la celda perteneciente a la clase 6 de AS.,"IGME (Atlas Geoquímico de España, digitalización de láminas de isovalores)",proporciones alternativas a moda; no concentraciones,proporción de área válida,98.24% válido (missing 1.76%),Imputación categórica/numérica en áreas sin cobertura del Atlas,Colinealidad perfecta (suma 1.0 por celda) y redundancia directa con la clase modal.,Rechazada: redundante con la clase modal correspondiente y colineal con el resto de proporciones de la celda.
as_proporcion_clase_7,Geoquímica,rejected,Fracción de área dentro de la celda perteneciente a la clase 7 de AS.,"IGME (Atlas Geoquímico de España, digitalización de láminas de isovalores)",proporciones alternativas a moda; no concentraciones,proporción de área válida,98.24% válido (missing 1.76%),Imputación categórica/numérica en áreas sin cobertura del Atlas,Colinealidad perfecta (suma 1.0 por celda) y redundancia directa con la clase modal.,Rechazada: redundante con la clase modal correspondiente y colineal con el resto de proporciones de la celda.
sb_clase_modal,Geoquímica,pending,Clase modal de SB en la celda. Marcador geoquímico hidrotermal / metalotecto guía.,"IGME (Atlas Geoquímico de España, digitalización de láminas de isovalores)",moda ponderada; empate clase menor; RGB coincidente; leyenda local pendiente,clase ordinal (intervalo local RGB no calibrado),97.91% válido (missing 2.09%),Imputación categórica/numérica en áreas sin cobertura del Atlas,Bajo respecto a BDMIN; señal ambiental/regional independiente de labores puntuales.,Estado técnico leyenda_local_no_validada. Requiere calibración cuantitativa (ppm/ppb) frente a las campañas analíticas originales del IGME antes de aprobar su uso.
sb_proporcion_clase_0,Geoquímica,rejected,Fracción de área dentro de la celda perteneciente a la clase 0 de SB.,"IGME (Atlas Geoquímico de España, digitalización de láminas de isovalores)",proporciones alternativas a moda; no concentraciones,proporción de área válida,97.91% válido (missing 2.09%),Imputación categórica/numérica en áreas sin cobertura del Atlas,Colinealidad perfecta (suma 1.0 por celda) y redundancia directa con la clase modal.,Rechazada: redundante con la clase modal correspondiente y colineal con el resto de proporciones de la celda.
sb_proporcion_clase_1,Geoquímica,rejected,Fracción de área dentro de la celda perteneciente a la clase 1 de SB.,"IGME (Atlas Geoquímico de España, digitalización de láminas de isovalores)",proporciones alternativas a moda; no concentraciones,proporción de área válida,97.91% válido (missing 2.09%),Imputación categórica/numérica en áreas sin cobertura del Atlas,Colinealidad perfecta (suma 1.0 por celda) y redundancia directa con la clase modal.,Rechazada: redundante con la clase modal correspondiente y colineal con el resto de proporciones de la celda.
sb_proporcion_clase_2,Geoquímica,rejected,Fracción de área dentro de la celda perteneciente a la clase 2 de SB.,"IGME (Atlas Geoquímico de España, digitalización de láminas de isovalores)",proporciones alternativas a moda; no concentraciones,proporción de área válida,97.91% válido (missing 2.09%),Imputación categórica/numérica en áreas sin cobertura del Atlas,Colinealidad perfecta (suma 1.0 por celda) y redundancia directa con la clase modal.,Rechazada: redundante con la clase modal correspondiente y colineal con el resto de proporciones de la celda.
sb_proporcion_clase_3,Geoquímica,rejected,Fracción de área dentro de la celda perteneciente a la clase 3 de SB.,"IGME (Atlas Geoquímico de España, digitalización de láminas de isovalores)",proporciones alternativas a moda; no concentraciones,proporción de área válida,97.91% válido (missing 2.09%),Imputación categórica/numérica en áreas sin cobertura del Atlas,Colinealidad perfecta (suma 1.0 por celda) y redundancia directa con la clase modal.,Rechazada: redundante con la clase modal correspondiente y colineal con el resto de proporciones de la celda.
sb_proporcion_clase_4,Geoquímica,rejected,Fracción de área dentro de la celda perteneciente a la clase 4 de SB.,"IGME (Atlas Geoquímico de España, digitalización de láminas de isovalores)",proporciones alternativas a moda; no concentraciones,proporción de área válida,97.91% válido (missing 2.09%),Imputación categórica/numérica en áreas sin cobertura del Atlas,Colinealidad perfecta (suma 1.0 por celda) y redundancia directa con la clase modal.,Rechazada: redundante con la clase modal correspondiente y colineal con el resto de proporciones de la celda.
sb_proporcion_clase_5,Geoquímica,rejected,Fracción de área dentro de la celda perteneciente a la clase 5 de SB.,"IGME (Atlas Geoquímico de España, digitalización de láminas de isovalores)",proporciones alternativas a moda; no concentraciones,proporción de área válida,97.91% válido (missing 2.09%),Imputación categórica/numérica en áreas sin cobertura del Atlas,Colinealidad perfecta (suma 1.0 por celda) y redundancia directa con la clase modal.,Rechazada: redundante con la clase modal correspondiente y colineal con el resto de proporciones de la celda.
sb_proporcion_clase_6,Geoquímica,rejected,Fracción de área dentro de la celda perteneciente a la clase 6 de SB.,"IGME (Atlas Geoquímico de España, digitalización de láminas de isovalores)",proporciones alternativas a moda; no concentraciones,proporción de área válida,97.91% válido (missing 2.09%),Imputación categórica/numérica en áreas sin cobertura del Atlas,Colinealidad perfecta (suma 1.0 por celda) y redundancia directa con la clase modal.,Rechazada: redundante con la clase modal correspondiente y colineal con el resto de proporciones de la celda.
sb_proporcion_clase_7,Geoquímica,rejected,Fracción de área dentro de la celda perteneciente a la clase 7 de SB.,"IGME (Atlas Geoquímico de España, digitalización de láminas de isovalores)",proporciones alternativas a moda; no concentraciones,proporción de área válida,97.91% válido (missing 2.09%),Imputación categórica/numérica en áreas sin cobertura del Atlas,Colinealidad perfecta (suma 1.0 por celda) y redundancia directa con la clase modal.,Rechazada: redundante con la clase modal correspondiente y colineal con el resto de proporciones de la celda.
bi_clase_modal,Geoquímica,pending,Clase modal de BI en la celda. Marcador geoquímico hidrotermal / metalotecto guía.,"IGME (Atlas Geoquímico de España, digitalización de láminas de isovalores)",moda ponderada; empate clase menor; RGB coincidente; leyenda local pendiente,clase ordinal (intervalo local RGB no calibrado),98.24% válido (missing 1.76%),Imputación categórica/numérica en áreas sin cobertura del Atlas,Bajo respecto a BDMIN; señal ambiental/regional independiente de labores puntuales.,Estado técnico leyenda_local_no_validada. Requiere calibración cuantitativa (ppm/ppb) frente a las campañas analíticas originales del IGME antes de aprobar su uso.
bi_proporcion_clase_0,Geoquímica,rejected,Fracción de área dentro de la celda perteneciente a la clase 0 de BI.,"IGME (Atlas Geoquímico de España, digitalización de láminas de isovalores)",proporciones alternativas a moda; no concentraciones,proporción de área válida,98.24% válido (missing 1.76%),Imputación categórica/numérica en áreas sin cobertura del Atlas,Colinealidad perfecta (suma 1.0 por celda) y redundancia directa con la clase modal.,Rechazada: redundante con la clase modal correspondiente y colineal con el resto de proporciones de la celda.
bi_proporcion_clase_1,Geoquímica,rejected,Fracción de área dentro de la celda perteneciente a la clase 1 de BI.,"IGME (Atlas Geoquímico de España, digitalización de láminas de isovalores)",proporciones alternativas a moda; no concentraciones,proporción de área válida,98.24% válido (missing 1.76%),Imputación categórica/numérica en áreas sin cobertura del Atlas,Colinealidad perfecta (suma 1.0 por celda) y redundancia directa con la clase modal.,Rechazada: redundante con la clase modal correspondiente y colineal con el resto de proporciones de la celda.
bi_proporcion_clase_2,Geoquímica,rejected,Fracción de área dentro de la celda perteneciente a la clase 2 de BI.,"IGME (Atlas Geoquímico de España, digitalización de láminas de isovalores)",proporciones alternativas a moda; no concentraciones,proporción de área válida,98.24% válido (missing 1.76%),Imputación categórica/numérica en áreas sin cobertura del Atlas,Colinealidad perfecta (suma 1.0 por celda) y redundancia directa con la clase modal.,Rechazada: redundante con la clase modal correspondiente y colineal con el resto de proporciones de la celda.
bi_proporcion_clase_3,Geoquímica,rejected,Fracción de área dentro de la celda perteneciente a la clase 3 de BI.,"IGME (Atlas Geoquímico de España, digitalización de láminas de isovalores)",proporciones alternativas a moda; no concentraciones,proporción de área válida,98.24% válido (missing 1.76%),Imputación categórica/numérica en áreas sin cobertura del Atlas,Colinealidad perfecta (suma 1.0 por celda) y redundancia directa con la clase modal.,Rechazada: redundante con la clase modal correspondiente y colineal con el resto de proporciones de la celda.
bi_proporcion_clase_4,Geoquímica,rejected,Fracción de área dentro de la celda perteneciente a la clase 4 de BI.,"IGME (Atlas Geoquímico de España, digitalización de láminas de isovalores)",proporciones alternativas a moda; no concentraciones,proporción de área válida,98.24% válido (missing 1.76%),Imputación categórica/numérica en áreas sin cobertura del Atlas,Colinealidad perfecta (suma 1.0 por celda) y redundancia directa con la clase modal.,Rechazada: redundante con la clase modal correspondiente y colineal con el resto de proporciones de la celda.
bi_proporcion_clase_5,Geoquímica,rejected,Fracción de área dentro de la celda perteneciente a la clase 5 de BI.,"IGME (Atlas Geoquímico de España, digitalización de láminas de isovalores)",proporciones alternativas a moda; no concentraciones,proporción de área válida,98.24% válido (missing 1.76%),Imputación categórica/numérica en áreas sin cobertura del Atlas,Colinealidad perfecta (suma 1.0 por celda) y redundancia directa con la clase modal.,Rechazada: redundante con la clase modal correspondiente y colineal con el resto de proporciones de la celda.
bi_proporcion_clase_6,Geoquímica,rejected,Fracción de área dentro de la celda perteneciente a la clase 6 de BI.,"IGME (Atlas Geoquímico de España, digitalización de láminas de isovalores)",proporciones alternativas a moda; no concentraciones,proporción de área válida,98.24% válido (missing 1.76%),Imputación categórica/numérica en áreas sin cobertura del Atlas,Colinealidad perfecta (suma 1.0 por celda) y redundancia directa con la clase modal.,Rechazada: redundante con la clase modal correspondiente y colineal con el resto de proporciones de la celda.
bi_proporcion_clase_7,Geoquímica,rejected,Fracción de área dentro de la celda perteneciente a la clase 7 de BI.,"IGME (Atlas Geoquímico de España, digitalización de láminas de isovalores)",proporciones alternativas a moda; no concentraciones,proporción de área válida,98.24% válido (missing 1.76%),Imputación categórica/numérica en áreas sin cobertura del Atlas,Colinealidad perfecta (suma 1.0 por celda) y redundancia directa con la clase modal.,Rechazada: redundante con la clase modal correspondiente y colineal con el resto de proporciones de la celda.
hg_clase_modal,Geoquímica,pending,Clase modal de HG en la celda. Marcador geoquímico hidrotermal / metalotecto guía.,"IGME (Atlas Geoquímico de España, digitalización de láminas de isovalores)",moda ponderada; empate clase menor; RGB coincidente; leyenda local pendiente,clase ordinal (intervalo local RGB no calibrado),98.24% válido (missing 1.76%),Imputación categórica/numérica en áreas sin cobertura del Atlas,Bajo respecto a BDMIN; señal ambiental/regional independiente de labores puntuales.,Estado técnico leyenda_local_no_validada. Requiere calibración cuantitativa (ppm/ppb) frente a las campañas analíticas originales del IGME antes de aprobar su uso.
hg_proporcion_clase_0,Geoquímica,rejected,Fracción de área dentro de la celda perteneciente a la clase 0 de HG.,"IGME (Atlas Geoquímico de España, digitalización de láminas de isovalores)",proporciones alternativas a moda; no concentraciones,proporción de área válida,98.24% válido (missing 1.76%),Imputación categórica/numérica en áreas sin cobertura del Atlas,Colinealidad perfecta (suma 1.0 por celda) y redundancia directa con la clase modal.,Rechazada: redundante con la clase modal correspondiente y colineal con el resto de proporciones de la celda.
hg_proporcion_clase_1,Geoquímica,rejected,Fracción de área dentro de la celda perteneciente a la clase 1 de HG.,"IGME (Atlas Geoquímico de España, digitalización de láminas de isovalores)",proporciones alternativas a moda; no concentraciones,proporción de área válida,98.24% válido (missing 1.76%),Imputación categórica/numérica en áreas sin cobertura del Atlas,Colinealidad perfecta (suma 1.0 por celda) y redundancia directa con la clase modal.,Rechazada: redundante con la clase modal correspondiente y colineal con el resto de proporciones de la celda.
hg_proporcion_clase_2,Geoquímica,rejected,Fracción de área dentro de la celda perteneciente a la clase 2 de HG.,"IGME (Atlas Geoquímico de España, digitalización de láminas de isovalores)",proporciones alternativas a moda; no concentraciones,proporción de área válida,98.24% válido (missing 1.76%),Imputación categórica/numérica en áreas sin cobertura del Atlas,Colinealidad perfecta (suma 1.0 por celda) y redundancia directa con la clase modal.,Rechazada: redundante con la clase modal correspondiente y colineal con el resto de proporciones de la celda.
hg_proporcion_clase_3,Geoquímica,rejected,Fracción de área dentro de la celda perteneciente a la clase 3 de HG.,"IGME (Atlas Geoquímico de España, digitalización de láminas de isovalores)",proporciones alternativas a moda; no concentraciones,proporción de área válida,98.24% válido (missing 1.76%),Imputación categórica/numérica en áreas sin cobertura del Atlas,Colinealidad perfecta (suma 1.0 por celda) y redundancia directa con la clase modal.,Rechazada: redundante con la clase modal correspondiente y colineal con el resto de proporciones de la celda.
hg_proporcion_clase_4,Geoquímica,rejected,Fracción de área dentro de la celda perteneciente a la clase 4 de HG.,"IGME (Atlas Geoquímico de España, digitalización de láminas de isovalores)",proporciones alternativas a moda; no concentraciones,proporción de área válida,98.24% válido (missing 1.76%),Imputación categórica/numérica en áreas sin cobertura del Atlas,Colinealidad perfecta (suma 1.0 por celda) y redundancia directa con la clase modal.,Rechazada: redundante con la clase modal correspondiente y colineal con el resto de proporciones de la celda.
hg_proporcion_clase_5,Geoquímica,rejected,Fracción de área dentro de la celda perteneciente a la clase 5 de HG.,"IGME (Atlas Geoquímico de España, digitalización de láminas de isovalores)",proporciones alternativas a moda; no concentraciones,proporción de área válida,98.24% válido (missing 1.76%),Imputación categórica/numérica en áreas sin cobertura del Atlas,Colinealidad perfecta (suma 1.0 por celda) y redundancia directa con la clase modal.,Rechazada: redundante con la clase modal correspondiente y colineal con el resto de proporciones de la celda.
hg_proporcion_clase_6,Geoquímica,rejected,Fracción de área dentro de la celda perteneciente a la clase 6 de HG.,"IGME (Atlas Geoquímico de España, digitalización de láminas de isovalores)",proporciones alternativas a moda; no concentraciones,proporción de área válida,98.24% válido (missing 1.76%),Imputación categórica/numérica en áreas sin cobertura del Atlas,Colinealidad perfecta (suma 1.0 por celda) y redundancia directa con la clase modal.,Rechazada: redundante con la clase modal correspondiente y colineal con el resto de proporciones de la celda.
hg_proporcion_clase_7,Geoquímica,rejected,Fracción de área dentro de la celda perteneciente a la clase 7 de HG.,"IGME (Atlas Geoquímico de España, digitalización de láminas de isovalores)",proporciones alternativas a moda; no concentraciones,proporción de área válida,98.24% válido (missing 1.76%),Imputación categórica/numérica en áreas sin cobertura del Atlas,Colinealidad perfecta (suma 1.0 por celda) y redundancia directa con la clase modal.,Rechazada: redundante con la clase modal correspondiente y colineal con el resto de proporciones de la celda.
cu_clase_modal,Geoquímica,pending,Clase modal de CU en la celda. Marcador geoquímico hidrotermal / metalotecto guía.,"IGME (Atlas Geoquímico de España, digitalización de láminas de isovalores)",moda ponderada; empate clase menor; RGB coincidente; leyenda local pendiente,clase ordinal (intervalo local RGB no calibrado),98.24% válido (missing 1.76%),Imputación categórica/numérica en áreas sin cobertura del Atlas,Bajo respecto a BDMIN; señal ambiental/regional independiente de labores puntuales.,Estado técnico leyenda_local_no_validada. Requiere calibración cuantitativa (ppm/ppb) frente a las campañas analíticas originales del IGME antes de aprobar su uso.
cu_proporcion_clase_0,Geoquímica,rejected,Fracción de área dentro de la celda perteneciente a la clase 0 de CU.,"IGME (Atlas Geoquímico de España, digitalización de láminas de isovalores)",proporciones alternativas a moda; no concentraciones,proporción de área válida,98.24% válido (missing 1.76%),Imputación categórica/numérica en áreas sin cobertura del Atlas,Colinealidad perfecta (suma 1.0 por celda) y redundancia directa con la clase modal.,Rechazada: redundante con la clase modal correspondiente y colineal con el resto de proporciones de la celda.
cu_proporcion_clase_1,Geoquímica,rejected,Fracción de área dentro de la celda perteneciente a la clase 1 de CU.,"IGME (Atlas Geoquímico de España, digitalización de láminas de isovalores)",proporciones alternativas a moda; no concentraciones,proporción de área válida,98.24% válido (missing 1.76%),Imputación categórica/numérica en áreas sin cobertura del Atlas,Colinealidad perfecta (suma 1.0 por celda) y redundancia directa con la clase modal.,Rechazada: redundante con la clase modal correspondiente y colineal con el resto de proporciones de la celda.
cu_proporcion_clase_2,Geoquímica,rejected,Fracción de área dentro de la celda perteneciente a la clase 2 de CU.,"IGME (Atlas Geoquímico de España, digitalización de láminas de isovalores)",proporciones alternativas a moda; no concentraciones,proporción de área válida,98.24% válido (missing 1.76%),Imputación categórica/numérica en áreas sin cobertura del Atlas,Colinealidad perfecta (suma 1.0 por celda) y redundancia directa con la clase modal.,Rechazada: redundante con la clase modal correspondiente y colineal con el resto de proporciones de la celda.
cu_proporcion_clase_3,Geoquímica,rejected,Fracción de área dentro de la celda perteneciente a la clase 3 de CU.,"IGME (Atlas Geoquímico de España, digitalización de láminas de isovalores)",proporciones alternativas a moda; no concentraciones,proporción de área válida,98.24% válido (missing 1.76%),Imputación categórica/numérica en áreas sin cobertura del Atlas,Colinealidad perfecta (suma 1.0 por celda) y redundancia directa con la clase modal.,Rechazada: redundante con la clase modal correspondiente y colineal con el resto de proporciones de la celda.
cu_proporcion_clase_4,Geoquímica,rejected,Fracción de área dentro de la celda perteneciente a la clase 4 de CU.,"IGME (Atlas Geoquímico de España, digitalización de láminas de isovalores)",proporciones alternativas a moda; no concentraciones,proporción de área válida,98.24% válido (missing 1.76%),Imputación categórica/numérica en áreas sin cobertura del Atlas,Colinealidad perfecta (suma 1.0 por celda) y redundancia directa con la clase modal.,Rechazada: redundante con la clase modal correspondiente y colineal con el resto de proporciones de la celda.
cu_proporcion_clase_5,Geoquímica,rejected,Fracción de área dentro de la celda perteneciente a la clase 5 de CU.,"IGME (Atlas Geoquímico de España, digitalización de láminas de isovalores)",proporciones alternativas a moda; no concentraciones,proporción de área válida,98.24% válido (missing 1.76%),Imputación categórica/numérica en áreas sin cobertura del Atlas,Colinealidad perfecta (suma 1.0 por celda) y redundancia directa con la clase modal.,Rechazada: redundante con la clase modal correspondiente y colineal con el resto de proporciones de la celda.
cu_proporcion_clase_6,Geoquímica,rejected,Fracción de área dentro de la celda perteneciente a la clase 6 de CU.,"IGME (Atlas Geoquímico de España, digitalización de láminas de isovalores)",proporciones alternativas a moda; no concentraciones,proporción de área válida,98.24% válido (missing 1.76%),Imputación categórica/numérica en áreas sin cobertura del Atlas,Colinealidad perfecta (suma 1.0 por celda) y redundancia directa con la clase modal.,Rechazada: redundante con la clase modal correspondiente y colineal con el resto de proporciones de la celda.
cu_proporcion_clase_7,Geoquímica,rejected,Fracción de área dentro de la celda perteneciente a la clase 7 de CU.,"IGME (Atlas Geoquímico de España, digitalización de láminas de isovalores)",proporciones alternativas a moda; no concentraciones,proporción de área válida,98.24% válido (missing 1.76%),Imputación categórica/numérica en áreas sin cobertura del Atlas,Colinealidad perfecta (suma 1.0 por celda) y redundancia directa con la clase modal.,Rechazada: redundante con la clase modal correspondiente y colineal con el resto de proporciones de la celda.
pb_clase_modal,Geoquímica,pending,Clase modal de PB en la celda. Marcador geoquímico hidrotermal / metalotecto guía.,"IGME (Atlas Geoquímico de España, digitalización de láminas de isovalores)",moda ponderada; empate clase menor; RGB coincidente; leyenda local pendiente,clase ordinal (intervalo local RGB no calibrado),97.99% válido (missing 2.01%),Imputación categórica/numérica en áreas sin cobertura del Atlas,Bajo respecto a BDMIN; señal ambiental/regional independiente de labores puntuales.,Estado técnico leyenda_local_no_validada. Requiere calibración cuantitativa (ppm/ppb) frente a las campañas analíticas originales del IGME antes de aprobar su uso.
pb_proporcion_clase_0,Geoquímica,rejected,Fracción de área dentro de la celda perteneciente a la clase 0 de PB.,"IGME (Atlas Geoquímico de España, digitalización de láminas de isovalores)",proporciones alternativas a moda; no concentraciones,proporción de área válida,97.99% válido (missing 2.01%),Imputación categórica/numérica en áreas sin cobertura del Atlas,Colinealidad perfecta (suma 1.0 por celda) y redundancia directa con la clase modal.,Rechazada: redundante con la clase modal correspondiente y colineal con el resto de proporciones de la celda.
pb_proporcion_clase_1,Geoquímica,rejected,Fracción de área dentro de la celda perteneciente a la clase 1 de PB.,"IGME (Atlas Geoquímico de España, digitalización de láminas de isovalores)",proporciones alternativas a moda; no concentraciones,proporción de área válida,97.99% válido (missing 2.01%),Imputación categórica/numérica en áreas sin cobertura del Atlas,Colinealidad perfecta (suma 1.0 por celda) y redundancia directa con la clase modal.,Rechazada: redundante con la clase modal correspondiente y colineal con el resto de proporciones de la celda.
pb_proporcion_clase_2,Geoquímica,rejected,Fracción de área dentro de la celda perteneciente a la clase 2 de PB.,"IGME (Atlas Geoquímico de España, digitalización de láminas de isovalores)",proporciones alternativas a moda; no concentraciones,proporción de área válida,97.99% válido (missing 2.01%),Imputación categórica/numérica en áreas sin cobertura del Atlas,Colinealidad perfecta (suma 1.0 por celda) y redundancia directa con la clase modal.,Rechazada: redundante con la clase modal correspondiente y colineal con el resto de proporciones de la celda.
pb_proporcion_clase_3,Geoquímica,rejected,Fracción de área dentro de la celda perteneciente a la clase 3 de PB.,"IGME (Atlas Geoquímico de España, digitalización de láminas de isovalores)",proporciones alternativas a moda; no concentraciones,proporción de área válida,97.99% válido (missing 2.01%),Imputación categórica/numérica en áreas sin cobertura del Atlas,Colinealidad perfecta (suma 1.0 por celda) y redundancia directa con la clase modal.,Rechazada: redundante con la clase modal correspondiente y colineal con el resto de proporciones de la celda.
pb_proporcion_clase_4,Geoquímica,rejected,Fracción de área dentro de la celda perteneciente a la clase 4 de PB.,"IGME (Atlas Geoquímico de España, digitalización de láminas de isovalores)",proporciones alternativas a moda; no concentraciones,proporción de área válida,97.99% válido (missing 2.01%),Imputación categórica/numérica en áreas sin cobertura del Atlas,Colinealidad perfecta (suma 1.0 por celda) y redundancia directa con la clase modal.,Rechazada: redundante con la clase modal correspondiente y colineal con el resto de proporciones de la celda.
pb_proporcion_clase_5,Geoquímica,rejected,Fracción de área dentro de la celda perteneciente a la clase 5 de PB.,"IGME (Atlas Geoquímico de España, digitalización de láminas de isovalores)",proporciones alternativas a moda; no concentraciones,proporción de área válida,97.99% válido (missing 2.01%),Imputación categórica/numérica en áreas sin cobertura del Atlas,Colinealidad perfecta (suma 1.0 por celda) y redundancia directa con la clase modal.,Rechazada: redundante con la clase modal correspondiente y colineal con el resto de proporciones de la celda.
pb_proporcion_clase_6,Geoquímica,rejected,Fracción de área dentro de la celda perteneciente a la clase 6 de PB.,"IGME (Atlas Geoquímico de España, digitalización de láminas de isovalores)",proporciones alternativas a moda; no concentraciones,proporción de área válida,97.99% válido (missing 2.01%),Imputación categórica/numérica en áreas sin cobertura del Atlas,Colinealidad perfecta (suma 1.0 por celda) y redundancia directa con la clase modal.,Rechazada: redundante con la clase modal correspondiente y colineal con el resto de proporciones de la celda.
pb_proporcion_clase_7,Geoquímica,rejected,Fracción de área dentro de la celda perteneciente a la clase 7 de PB.,"IGME (Atlas Geoquímico de España, digitalización de láminas de isovalores)",proporciones alternativas a moda; no concentraciones,proporción de área válida,97.99% válido (missing 2.01%),Imputación categórica/numérica en áreas sin cobertura del Atlas,Colinealidad perfecta (suma 1.0 por celda) y redundancia directa con la clase modal.,Rechazada: redundante con la clase modal correspondiente y colineal con el resto de proporciones de la celda.
zn_clase_modal,Geoquímica,rejected,Señal geoquímica de Zinc (zn_clase_modal).,"IGME (Atlas Geoquímico de España, digitalización de láminas de isovalores)",moda ponderada; empate clase menor; RGB coincidente; leyenda local pendiente,clase ordinal (RGB),71.11% válido (missing 28.89%),Imputación categórica/numérica en áreas sin cobertura del Atlas,Colapso de cobertura: 28.89% de nulos en España.,Rechazada: colapso territorial nacional (28.89% de celdas nulas; recorta drásticamente el dominio prospectable).
zn_proporcion_clase_0,Geoquímica,rejected,Señal geoquímica de Zinc (zn_proporcion_clase_0).,"IGME (Atlas Geoquímico de España, digitalización de láminas de isovalores)",proporciones alternativas a moda; no concentraciones,proporción de área válida,71.11% válido (missing 28.89%),Imputación categórica/numérica en áreas sin cobertura del Atlas,Colapso de cobertura: 28.89% de nulos en España.,Rechazada: colapso territorial nacional (28.89% de celdas nulas; recorta drásticamente el dominio prospectable).
zn_proporcion_clase_1,Geoquímica,rejected,Señal geoquímica de Zinc (zn_proporcion_clase_1).,"IGME (Atlas Geoquímico de España, digitalización de láminas de isovalores)",proporciones alternativas a moda; no concentraciones,proporción de área válida,71.11% válido (missing 28.89%),Imputación categórica/numérica en áreas sin cobertura del Atlas,Colapso de cobertura: 28.89% de nulos en España.,Rechazada: colapso territorial nacional (28.89% de celdas nulas; recorta drásticamente el dominio prospectable).
zn_proporcion_clase_2,Geoquímica,rejected,Señal geoquímica de Zinc (zn_proporcion_clase_2).,"IGME (Atlas Geoquímico de España, digitalización de láminas de isovalores)",proporciones alternativas a moda; no concentraciones,proporción de área válida,71.11% válido (missing 28.89%),Imputación categórica/numérica en áreas sin cobertura del Atlas,Colapso de cobertura: 28.89% de nulos en España.,Rechazada: colapso territorial nacional (28.89% de celdas nulas; recorta drásticamente el dominio prospectable).
zn_proporcion_clase_3,Geoquímica,rejected,Proporción de clase geoquímica para ZN.,"IGME (Atlas Geoquímico de España, digitalización de láminas de isovalores)",proporciones alternativas a moda; no concentraciones,proporción de área válida,71.11% válido (missing 28.89%),Imputación categórica/numérica en áreas sin cobertura del Atlas,Varianza nula.,Rechazada: varianza cero (valor 0.0 en todas las celdas válidas del territorio nacional).
zn_proporcion_clase_4,Geoquímica,rejected,Señal geoquímica de Zinc (zn_proporcion_clase_4).,"IGME (Atlas Geoquímico de España, digitalización de láminas de isovalores)",proporciones alternativas a moda; no concentraciones,proporción de área válida,71.11% válido (missing 28.89%),Imputación categórica/numérica en áreas sin cobertura del Atlas,Colapso de cobertura: 28.89% de nulos en España.,Rechazada: colapso territorial nacional (28.89% de celdas nulas; recorta drásticamente el dominio prospectable).
zn_proporcion_clase_5,Geoquímica,rejected,Señal geoquímica de Zinc (zn_proporcion_clase_5).,"IGME (Atlas Geoquímico de España, digitalización de láminas de isovalores)",proporciones alternativas a moda; no concentraciones,proporción de área válida,71.11% válido (missing 28.89%),Imputación categórica/numérica en áreas sin cobertura del Atlas,Colapso de cobertura: 28.89% de nulos en España.,Rechazada: colapso territorial nacional (28.89% de celdas nulas; recorta drásticamente el dominio prospectable).
zn_proporcion_clase_6,Geoquímica,rejected,Señal geoquímica de Zinc (zn_proporcion_clase_6).,"IGME (Atlas Geoquímico de España, digitalización de láminas de isovalores)",proporciones alternativas a moda; no concentraciones,proporción de área válida,71.11% válido (missing 28.89%),Imputación categórica/numérica en áreas sin cobertura del Atlas,Colapso de cobertura: 28.89% de nulos en España.,Rechazada: colapso territorial nacional (28.89% de celdas nulas; recorta drásticamente el dominio prospectable).
zn_proporcion_clase_7,Geoquímica,rejected,Señal geoquímica de Zinc (zn_proporcion_clase_7).,"IGME (Atlas Geoquímico de España, digitalización de láminas de isovalores)",proporciones alternativas a moda; no concentraciones,proporción de área válida,71.11% válido (missing 28.89%),Imputación categórica/numérica en áreas sin cobertura del Atlas,Colapso de cobertura: 28.89% de nulos en España.,Rechazada: colapso territorial nacional (28.89% de celdas nulas; recorta drásticamente el dominio prospectable).
w_clase_modal,Geoquímica,rejected,Señal geoquímica de Wolframio (w_clase_modal).,"IGME (Atlas Geoquímico de España, digitalización de láminas de isovalores)",moda ponderada; empate clase menor; RGB coincidente; leyenda local pendiente,clase ordinal (RGB),82.85% válido (missing 17.15%),Imputación categórica/numérica en áreas sin cobertura del Atlas,Colapso de cobertura: 17.15% de nulos en España.,Rechazada: pérdida severa de cobertura territorial (17.15% de nulos en España).
w_proporcion_clase_0,Geoquímica,rejected,Señal geoquímica de Wolframio (w_proporcion_clase_0).,"IGME (Atlas Geoquímico de España, digitalización de láminas de isovalores)",proporciones alternativas a moda; no concentraciones,proporción de área válida,82.85% válido (missing 17.15%),Imputación categórica/numérica en áreas sin cobertura del Atlas,Colapso de cobertura: 17.15% de nulos en España.,Rechazada: pérdida severa de cobertura territorial (17.15% de nulos en España).
w_proporcion_clase_1,Geoquímica,rejected,Señal geoquímica de Wolframio (w_proporcion_clase_1).,"IGME (Atlas Geoquímico de España, digitalización de láminas de isovalores)",proporciones alternativas a moda; no concentraciones,proporción de área válida,82.85% válido (missing 17.15%),Imputación categórica/numérica en áreas sin cobertura del Atlas,Colapso de cobertura: 17.15% de nulos en España.,Rechazada: pérdida severa de cobertura territorial (17.15% de nulos en España).
w_proporcion_clase_2,Geoquímica,rejected,Proporción de clase geoquímica para W.,"IGME (Atlas Geoquímico de España, digitalización de láminas de isovalores)",proporciones alternativas a moda; no concentraciones,proporción de área válida,82.85% válido (missing 17.15%),Imputación categórica/numérica en áreas sin cobertura del Atlas,Varianza nula.,Rechazada: varianza cero (valor 0.0 en todas las celdas válidas del territorio nacional).
w_proporcion_clase_3,Geoquímica,rejected,Señal geoquímica de Wolframio (w_proporcion_clase_3).,"IGME (Atlas Geoquímico de España, digitalización de láminas de isovalores)",proporciones alternativas a moda; no concentraciones,proporción de área válida,82.85% válido (missing 17.15%),Imputación categórica/numérica en áreas sin cobertura del Atlas,Colapso de cobertura: 17.15% de nulos en España.,Rechazada: pérdida severa de cobertura territorial (17.15% de nulos en España).
w_proporcion_clase_4,Geoquímica,rejected,Señal geoquímica de Wolframio (w_proporcion_clase_4).,"IGME (Atlas Geoquímico de España, digitalización de láminas de isovalores)",proporciones alternativas a moda; no concentraciones,proporción de área válida,82.85% válido (missing 17.15%),Imputación categórica/numérica en áreas sin cobertura del Atlas,Colapso de cobertura: 17.15% de nulos en España.,Rechazada: pérdida severa de cobertura territorial (17.15% de nulos en España).
w_proporcion_clase_5,Geoquímica,rejected,Señal geoquímica de Wolframio (w_proporcion_clase_5).,"IGME (Atlas Geoquímico de España, digitalización de láminas de isovalores)",proporciones alternativas a moda; no concentraciones,proporción de área válida,82.85% válido (missing 17.15%),Imputación categórica/numérica en áreas sin cobertura del Atlas,Colapso de cobertura: 17.15% de nulos en España.,Rechazada: pérdida severa de cobertura territorial (17.15% de nulos en España).
w_proporcion_clase_6,Geoquímica,rejected,Señal geoquímica de Wolframio (w_proporcion_clase_6).,"IGME (Atlas Geoquímico de España, digitalización de láminas de isovalores)",proporciones alternativas a moda; no concentraciones,proporción de área válida,82.85% válido (missing 17.15%),Imputación categórica/numérica en áreas sin cobertura del Atlas,Colapso de cobertura: 17.15% de nulos en España.,Rechazada: pérdida severa de cobertura territorial (17.15% de nulos en España).
elevacion_media_m,Relieve,approved,Altitud media sobre el nivel del mar en la celda de 1 km. Contexto geomorfológico regional.,IGN (MDT200 / MDT500 resampleado a 1 km),derivación nativa 500m; TPI z-media circular incluyendo centro; desviación poblacional; media terrestre a 1km,metros,100.00% válido (missing 0.00% en franjas costeras/fronterizas),Imputación por mediana en pipeline de entrenamiento; celdas sin tierra excluibles,"Nulo. El relieve físico es continuo, independiente de inventarios mineros y disponible en territorio virgen.","Variable física continua de cobertura nacional completa, objetiva, reproducible y sin riesgo de sesgo por prospección."
pendiente_grados,Relieve,approved,"Gradiente topográfico medio. Controla estabilidad de vertientes, erosión y afloramiento de sustrato rocoso.",IGN (MDT200 / MDT500 resampleado a 1 km),derivación nativa 500m; TPI z-media circular incluyendo centro; desviación poblacional; media terrestre a 1km,grados,98.97% válido (missing 1.03% en franjas costeras/fronterizas),Imputación por mediana en pipeline de entrenamiento; celdas sin tierra excluibles,"Nulo. El relieve físico es continuo, independiente de inventarios mineros y disponible en territorio virgen.","Variable física continua de cobertura nacional completa, objetiva, reproducible y sin riesgo de sesgo por prospección."
tpi_1000m_m,Relieve,approved,"Topographic Position Index local (1 km). Diferencia entre altitud central y entorno; <0 fondos de valle, >0 divisorias.",IGN (MDT200 / MDT500 resampleado a 1 km),derivación nativa 500m; TPI z-media circular incluyendo centro; desviación poblacional; media terrestre a 1km,metros,98.49% válido (missing 1.51% en franjas costeras/fronterizas),Imputación por mediana en pipeline de entrenamiento; celdas sin tierra excluibles,"Nulo. El relieve físico es continuo, independiente de inventarios mineros y disponible en territorio virgen.","Variable física continua de cobertura nacional completa, objetiva, reproducible y sin riesgo de sesgo por prospección."
desv_elevacion_1000m_m,Relieve,approved,Rugosidad topográfica local (desviación típica de cota en 1 km). Indicador de disección erosiva.,IGN (MDT200 / MDT500 resampleado a 1 km),derivación nativa 500m; TPI z-media circular incluyendo centro; desviación poblacional; media terrestre a 1km,metros,98.49% válido (missing 1.51% en franjas costeras/fronterizas),Imputación por mediana en pipeline de entrenamiento; celdas sin tierra excluibles,"Nulo. El relieve físico es continuo, independiente de inventarios mineros y disponible en territorio virgen.","Variable física continua de cobertura nacional completa, objetiva, reproducible y sin riesgo de sesgo por prospección."
tpi_5000m_m,Relieve,approved,Topographic Position Index regional (5 km). Posición mesotopográfica en valles principales vs macizos.,IGN (MDT200 / MDT500 resampleado a 1 km),derivación nativa 500m; TPI z-media circular incluyendo centro; desviación poblacional; media terrestre a 1km,metros,95.92% válido (missing 4.08% en franjas costeras/fronterizas),Imputación por mediana en pipeline de entrenamiento; celdas sin tierra excluibles,"Nulo. El relieve físico es continuo, independiente de inventarios mineros y disponible en territorio virgen.","Variable física continua de cobertura nacional completa, objetiva, reproducible y sin riesgo de sesgo por prospección."
desv_elevacion_5000m_m,Relieve,approved,Rugosidad regional (5 km). Contraste altitudinal de media escala.,IGN (MDT200 / MDT500 resampleado a 1 km),derivación nativa 500m; TPI z-media circular incluyendo centro; desviación poblacional; media terrestre a 1km,metros,95.92% válido (missing 4.08% en franjas costeras/fronterizas),Imputación por mediana en pipeline de entrenamiento; celdas sin tierra excluibles,"Nulo. El relieve físico es continuo, independiente de inventarios mineros y disponible en territorio virgen.","Variable física continua de cobertura nacional completa, objetiva, reproducible y sin riesgo de sesgo por prospección."
dist_cauce_m,Hidrografía,approved,Distancia euclídea del centroide de celda al cauce fluvial cartografiado más cercano (censurada a 10.000 m).,IGN / MITECO (Red de drenaje superficial continua 1:50.000 / 1:200.000),centro a traza cartografiada; NaN sin traza dentro de 10000 m; cobertura no acreditada,metros,97.28% válido (missing 2.72% por censura >10 km o costa),Censura a 10 km. Tratamiento mediante imputación acotada o valor máximo en pipeline.,Nulo. Red de drenaje natural independiente de concesiones o labores mineras.,Métrica continua fundamental para contextualizar transporte aluvial y disección fluvial de filones.
dens_aprox_cauce_1000m_km_km2,Hidrografía,pending,Densidad lineal aproximada de cauces en ventana de 1000m.,IGN / MITECO (Red de drenaje superficial continua 1:50.000 / 1:200.000),longitud exacta por celda; ventana circular con reparto uniforme subcelda; no acredita ausencia,km/km2,"100.00% válido (0.00% missing, ceros representan ausencia de red registrada)",Cero asignado por diseño en ventana sin cauces.,"Bajo respecto a indicios, pero afectado por artefactos de discretización subcelda.",Estado técnico experimental_aproximacion_1km. Requiere validar anisotropía y correlación frente a distancia exacta.
dens_aprox_cauce_5000m_km_km2,Hidrografía,pending,Densidad lineal aproximada de cauces en ventana de 5000m.,IGN / MITECO (Red de drenaje superficial continua 1:50.000 / 1:200.000),longitud exacta por celda; ventana circular con reparto uniforme subcelda; no acredita ausencia,km/km2,"100.00% válido (0.00% missing, ceros representan ausencia de red registrada)",Cero asignado por diseño en ventana sin cauces.,"Bajo respecto a indicios, pero afectado por artefactos de discretización subcelda.",Estado técnico experimental_aproximacion_1km. Requiere validar anisotropía y correlación frente a distancia exacta.
dens_aprox_cauce_10000m_km_km2,Hidrografía,pending,Densidad lineal aproximada de cauces en ventana de 10000m.,IGN / MITECO (Red de drenaje superficial continua 1:50.000 / 1:200.000),longitud exacta por celda; ventana circular con reparto uniforme subcelda; no acredita ausencia,km/km2,"100.00% válido (0.00% missing, ceros representan ausencia de red registrada)",Cero asignado por diseño en ventana sin cauces.,"Bajo respecto a indicios, pero afectado por artefactos de discretización subcelda.",Estado técnico experimental_aproximacion_1km. Requiere validar anisotropía y correlación frente a distancia exacta.
unidades_granitoides_explicitos_fraccion,Asociaciones Litológicas,rejected,Suma de litologia_u011 (granitoides de dos micas) y litologia_u015 (otros granitoides).,IGME (GEODE / Derivación sintética de litologia_u*),suma de unidades explícitas; no proporción interna de roca,fracción de área terrestre,96.90% válido,Asignación 0.0 o imputación de litología base,Alta colinealidad y duplicación determinista con fracciones litológicas primarias.,Rechazada por colinealidad exacta: es la suma determinista de u011 + u015.
unidades_mixtas_con_granitoides_fraccion,Asociaciones Litológicas,rejected,"Fracción de migmatitas, mármoles y granitoides indiferenciados.",IGME (GEODE / Derivación sintética de litologia_u*),suma de unidades explícitas; no proporción interna de roca,fracción de área terrestre,96.90% válido,Asignación 0.0 o imputación de litología base,Alta colinealidad y duplicación determinista con fracciones litológicas primarias.,Rechazada por duplicado exacto al 100% de litologia_u014_fraccion.
unidades_volcanicas_fraccion,Asociaciones Litológicas,rejected,Fracción de vulcanitas y rocas volcanoclásticas.,IGME (GEODE / Derivación sintética de litologia_u*),suma de unidades explícitas; no proporción interna de roca,fracción de área terrestre,96.90% válido,Asignación 0.0 o imputación de litología base,Alta colinealidad y duplicación determinista con fracciones litológicas primarias.,Rechazada por duplicado exacto al 100% de litologia_u019_fraccion.
unidades_basicas_ultrabasicas_fraccion,Asociaciones Litológicas,rejected,"Fracción de serpentinitas, peridotitas, rocas básicas y ultrabásicas.",IGME (GEODE / Derivación sintética de litologia_u*),suma de unidades explícitas; no proporción interna de roca,fracción de área terrestre,96.90% válido,Asignación 0.0 o imputación de litología base,Alta colinealidad y duplicación determinista con fracciones litológicas primarias.,Rechazada por duplicado exacto al 100% de litologia_u018_fraccion.
unidades_con_gneisses_fraccion,Asociaciones Litológicas,rejected,Fracción de gneisses.,IGME (GEODE / Derivación sintética de litologia_u*),suma de unidades explícitas; no proporción interna de roca,fracción de área terrestre,96.90% válido,Asignación 0.0 o imputación de litología base,Alta colinealidad y duplicación determinista con fracciones litológicas primarias.,Rechazada por duplicado exacto al 100% de litologia_u010_fraccion.
unidades_con_gravas_arenas_limos_fraccion,Asociaciones Litológicas,rejected,"Fracción de gravas, conglomerados, arenas y limos.",IGME (GEODE / Derivación sintética de litologia_u*),suma de unidades explícitas; no proporción interna de roca,fracción de área terrestre,96.90% válido,Asignación 0.0 o imputación de litología base,Alta colinealidad y duplicación determinista con fracciones litológicas primarias.,Rechazada por duplicado exacto al 100% de litologia_u012_fraccion.
