district_id,n_depositos,depositos,celdas_confirmadas,celdas_totales,area_recintos_km2,n_recintos_documentados,n_recintos_regionales_excluidos,metodo_delimitacion,estado_delimitacion,recintos_documentados
dist_alburquerque_la_codosera,1,dep_las_retuertas_alburquerque,1,1,0.39,1,0,delimitacion_geologica_recintos_documentados,delimitado_geologico,[211] (TOURNAISIENSE) Pizarras y grauvacas. Culm de La Codosera
dist_asturoccidental_allande,1,dep_fana_la_freita,4,4,0.25,1,1,delimitacion_mixta_recintos_locales_y_pendiente_regional,parcialmente_delimitado_pendiente_regional,[45] (CUATERNARIO) Depósitos aluviales
dist_asturoccidental_ibias,1,dep_ibias_cecos,6,9,4.05,2,1,delimitacion_mixta_recintos_locales_y_pendiente_regional,parcialmente_delimitado_pendiente_regional,[31] (ORDOVICICO SUPERIOR) Pizarras y areniscas. (Fm Agueira); [43] (CUATERNARIO) Aluvial-coluvial
dist_asturoccidental_navelgas,1,dep_navelgas,3,12,10.32,2,1,delimitacion_mixta_recintos_locales_y_pendiente_regional,parcialmente_delimitado_pendiente_regional,"[20] (CAMBRICO INFERIOR) Areniscas, lutitas, pizarras e intercalaciones vol; [21] (CAMBRICO MEDIO) Calizas y dolimías con intercalaciones de lutitas "
dist_beticas_granada,1,dep_california_granadina_darro,1,19,18.58,1,0,delimitacion_geologica_recintos_documentados,delimitado_geologico,"[136] (PLIOCENO SUPERIOR) Arcillas rojas, arenas y conglomerados. Abanicos a"
dist_cabo_de_gata,2,"dep_rodalquilar_cinto, dep_rodalquilar_santa_josefa",4,10,9.96,4,0,delimitacion_geologica_recintos_documentados,delimitado_geologico,[139] (MIOCENO MEDIO) Dacitas biotítico-anfibólicas rojo-violáceas con a; [222] (HOLOCENO) Coluviales y aluviales indiferenciados; [142] (MIOCENO MEDIO) Dacitas ignimbríticas con tobas e ignimbrita basal
dist_caceres_sierra_gata,1,dep_viero_valverde,4,4,0.0,0,1,acotado_a_celdas_confirmadas_pendiente_delimitacion_regional,pendiente_delimitacion_regional,Sin recintos locales <= 100 km²
dist_centro_iberico_serena,1,dep_las_morras_talarrubias,2,37,56.73,2,0,delimitacion_geologica_recintos_documentados,delimitado_geologico,"[379] (PLEISTOCENO SUPERIOR) COLUVIAL. Bloques, cantos y arenas; [88] (NEOPROTEROZOICO) DOMO EXTREMEÑO (ALCUDIENSE INFERIOR): pizarras y g"
dist_cinturon_narcea,2,"dep_carles, dep_el_valle_boinas",6,48,41.39,5,0,delimitacion_geologica_recintos_documentados,delimitado_geologico,"[10] (CAMBRICO MEDIO) Fm. Oville; pizarras, areniscas glauconíticas y cu; [274] (PLEISTOCENO) Derrubios de ladera y canchales; [6] (CAMBRICO INFERIOR) Fm. Herrería: areniscas feldespáticas, cuarzoareni"
dist_faja_piritica_norte,1,dep_mina_sultana_cala,2,27,33.55,2,0,delimitacion_geologica_recintos_documentados,delimitado_geologico,[211] (CAMBRICO INFERIOR) Cuarcitas; [58] (VISEENSE) Tonalitas y granodioritas
dist_faja_piritica_sur,4,"dep_cerro_colorado_riotinto, dep_la_lapilla_tharsis, dep_lomero_poyatos, dep_tharsis_filon_sur",4,8,6.08,4,0,delimitacion_geologica_recintos_documentados,delimitado_geologico,"[47] (TOURNAISIENSE) Vulcanitas intermedias (andesitas e hialoclastitas; [5] (TOURNAISIENSE) Gabros, microgabros y diabasas; [101] (HOLOCENO) Cantos, bloques, pizarras y sulfuros. Antrópico, e"
dist_galicia_costa_da_morte,2,"dep_corcoesto, dep_santa_comba_zas",6,61,61.08,5,1,delimitacion_mixta_recintos_locales_y_pendiente_regional,parcialmente_delimitado_pendiente_regional,"[79] (PALEOZOICO) Esquistos, cuarcitas y paragneises; [22] (MISSISSIPIENSE) Facies de dos micas de grano medio a medio-fino; [105] (NEOPROTEROZOICO) Esquistos, esquistos ricos en plagioclasa y paragn"
dist_galicia_courel,1,dep_mina_da_toca_courel,3,3,0.71,2,1,delimitacion_mixta_recintos_locales_y_pendiente_regional,parcialmente_delimitado_pendiente_regional,[15] (CAMBRICO INFERIOR) Pizarras y areniscas. (Pizarras de Cándana); [43] (CUATERNARIO) Aluvial-coluvial
dist_galicia_sil_quiroga,1,dep_montefurado_quiroga,3,17,17.15,3,0,delimitacion_geologica_recintos_documentados,delimitado_geologico,"[107] (ORETANIENSE) Pizarras homogéneas, filitas o micacitas. Pizarras; [107] (ORETANIENSE) Pizarras homogéneas, filitas o micacitas. Pizarras; [168] (PLIOCENO) Gravas y arena. (Terrazas medias/altas)"
dist_galicia_sur_tomino,1,dep_tomino_vilachan,6,36,36.37,3,0,delimitacion_geologica_recintos_documentados,delimitado_geologico,"[76] (WENLOCK) Esquistos, talcoesquistos y cloritoesquistos; [77] (WENLOCK) Cuarzoesquistos y esquistos grafitosos; [211] (HOLOCENO) Coluvial-eluvial"
dist_galicia_viana_del_bollo,1,dep_medulas_de_teijeira,2,2,1.05,2,0,delimitacion_geologica_recintos_documentados,delimitado_geologico,"[36] (CARBONIFERO) Granitoides de dos micas. Facies equigranulares; [160] (MIOCENO INFERIOR) Arcillas, arenas, margas, calizas y cantos"
dist_la_codosera,2,"dep_el_chirriato_atalaya, dep_la_codosera",12,55,84.86,7,0,delimitacion_geologica_recintos_documentados,delimitado_geologico,[228] (PRAGIENSE) Cuarcitas en bancos; [228] (PRAGIENSE) Cuarcitas en bancos; [251] (HOLOCENO) Limos masivos con hiladas de cantos. Aluvial
dist_leon_bierzo,2,"dep_castropodame, dep_las_medulas_carucedo",5,14,12.48,3,1,delimitacion_mixta_recintos_locales_y_pendiente_regional,parcialmente_delimitado_pendiente_regional,"[159] (MIOCENO INFERIOR) Gravas, arenas, limos y arcillas; [174] (PLEISTOCENO SUPERIOR) Arenas, limos y gravas. (Fondos de valle); [50] (CUATERNARIO) Coluviones"
dist_leon_cabrera,2,"dep_corona_de_corporales, dep_rio_cabrera_terrazas",5,33,36.18,4,1,delimitacion_mixta_recintos_locales_y_pendiente_regional,parcialmente_delimitado_pendiente_regional,"[110] (BEROUNIENSE) Pizarras, areniscas y cuarcitas. Fm. Casaio, Fm. R; [111] (HIRNANTIENSE) Pizarras, a veces con cantos. Fm. Rozadais, Fm. Ro; [114] (SILURICO) Esquistos, filitas o pizarras grafitosas o ampelít"
dist_leon_maragateria,3,"dep_cabuercas_somoza, dep_maragateria_pedredo, dep_teleno",10,80,88.39,6,1,delimitacion_mixta_recintos_locales_y_pendiente_regional,parcialmente_delimitado_pendiente_regional,"[182] (PLEISTOCENO SUPERIOR) Bloques y cantos angulosos. (Canchales); [143] (ARAGONIENSE) Conglomerados de clastos de cuarcitas, cuarzo y pi; [105] (ARENIGIENSE) Cuarcitas blancas en bancos con intercalaciones pi"
dist_leon_omana_cepeda,1,dep_ferreras_riofrio,9,33,25.55,9,0,delimitacion_geologica_recintos_documentados,delimitado_geologico,"[130] (ARAGONIENSE) Limos, arenas y arcillas, con capas de conglomerad; [129] (ARAGONIENSE) Gravas y arenas; [232] (TUROLIENSE) Gravas cuarcíticas, y a veces bloques, en matriz a"
dist_leon_omana_orbigo,1,dep_llamas_de_la_ribera,3,17,21.94,3,0,delimitacion_geologica_recintos_documentados,delimitado_geologico,"[129] (ARAGONIENSE) Gravas y arenas; [274] (HOLOCENO) Gravas, arenas y limos. (Aluvial); [130] (ARAGONIENSE) Limos, arenas y arcillas, con capas de conglomerad"
dist_leon_valderia,1,dep_valderia_nogarejas,3,34,47.7,3,0,delimitacion_geologica_recintos_documentados,delimitado_geologico,"[270] (PLEISTOCENO MEDIO) Cantos, gravas, arenas, limos y arcillas. (Fondos ; [265] (PLIOCENO) Gravas, cantos, arenas y a veces arcillas. (frecue; [265] (PLIOCENO) Gravas, cantos, arenas y a veces arcillas. (frecue"
dist_montes_de_toledo_jara,1,dep_la_oriental_la_jara,4,20,20.12,2,1,delimitacion_mixta_recintos_locales_y_pendiente_regional,parcialmente_delimitado_pendiente_regional,"[153] (TREMADOCIENSE) Serie PÚRPURA: conglomerados, areniscas microcongl; [140] (OVETIENSE) Fm AZOREJO: areniscas, cuarcitas y pizarras"
dist_occidente_asturiano,1,dep_salave,2,6,4.98,1,0,delimitacion_geologica_recintos_documentados,delimitado_geologico,[57] (CUATERNARIO) Superficie de Rasa
dist_ossa_morena_bodonal,1,dep_el_chocolatero_segura,2,19,36.02,2,0,delimitacion_geologica_recintos_documentados,delimitado_geologico,"[144] (CAMBRICO INFERIOR) Tobas, metavulcanitas acidas, aglomerados vulcanoc; [151] (CAMBRICO INFERIOR) Tobas orbiculares"
dist_ossa_morena_monesterio,2,"dep_aguablanca, dep_california_extremena_monesterio",2,3,1.53,1,1,delimitacion_mixta_recintos_locales_y_pendiente_regional,parcialmente_delimitado_pendiente_regional,[185] (CAMBRICO INFERIOR) Rocas silicatos cálcicos bandeadas
dist_ossa_morena_penaflor,3,"dep_la_almenara_penaflor, dep_la_preciosa_penaflor, dep_navalmedio_penaflor",5,39,41.01,3,0,delimitacion_geologica_recintos_documentados,delimitado_geologico,"[68] (VISEENSE) Gabros; [96] (NEOPROTEROZOICO) Esquistos, cuarcitas negras, gneises y migmatitas.; [125] (MESSINIENSE) Gravas, arenas y limos. Localmente margas. Abanico"
dist_salamanca_arribes,1,dep_barruecopardo,4,41,44.04,2,0,delimitacion_geologica_recintos_documentados,delimitado_geologico,"[48] (CARBONIFERO) Granitoides de dos micas. Facies ""alas de mosca"". ; [70] (CARBONIFERO) Granitoides de dos micas. Facies equigranulares"
dist_salamanca_sierra_francia,1,dep_cavenes_el_cabaco,3,47,73.1,2,0,delimitacion_geologica_recintos_documentados,delimitado_geologico,[55] (CARBONIFERO) Granitoides biotíticos. Facies equigranulares; [81] (CARBONIFERO) Leucogranitos. Facies de dos micas
dist_valle_guadiato,1,dep_mina_pepin_espiel,1,1,0.31,1,0,delimitacion_geologica_recintos_documentados,delimitado_geologico,[125] (CAMBRICO INFERIOR) Cuarcitas feldespáticas tableadas.
dist_zamora_duero,1,dep_pino_del_oro,10,56,57.99,3,0,delimitacion_geologica_recintos_documentados,delimitado_geologico,[99] (TREMADOCIENSE) Gneises de grano fino y metagrauvacas feldespática; [41] (CARBONIFERO) Granitoides de dos micas. Facies porfídicas; [100] (TREMADOCIENSE) Pizarras/filitas o esquistos con intercalaciones a
