Algoritmo,Spatial_ROC_AUC,Std_ROC_AUC,Spatial_PR_AUC,Brier_Score,F1_Score
1. Baseline Dummy,,,0.14896974346689282,0.19500764544526333,0.0
2. Logistic ElasticNet,,,0.1730887207325243,0.24238004753322434,0.08674796696280115
3. Gaussian Naive Bayes,,,0.16189496189120584,0.2437870889121732,0.046176911544227886
4. KNN (k=15),,,0.15725606303010747,0.19811321972463913,0.020244716351501667
5. SVM (Kernel RBF),,,0.19081485549465146,0.1768349256697805,0.03711340206185567
6. Random Forest,,,0.19610155946097707,0.13932888540362284,0.014556962025316455
7. XGBoost,,,0.1969731153358978,0.17974000410176813,0.05293082021541011
8. LightGBM,,,0.21223708271951985,0.17457278234158027,0.04286499887311246
9. Stacking Ensemble,,,0.1986076051905981,0.15878664499921627,0.03076923076923077
